{
  "year": 2026,
  "pairs": {
    "AUDJPY": {
      "highest_pct_ytd": 7.184930196978385,
      "lowest_pct_ytd": -0.06980302161024411,
      "was_bullish": true
    },
    "NZDJPY": {
      "highest_pct_ytd": 5.221524246352254,
      "lowest_pct_ytd": -0.3223983780370224,
      "was_bullish": true
    },
    "GBPJPY": {
      "highest_pct_ytd": 1.8763504036996361,
      "lowest_pct_ytd": -1.805276524771617,
      "was_bullish": false
    },
    "EURJPY": {
      "highest_pct_ytd": 1.539882634209956,
      "lowest_pct_ytd": -1.7561399695718318,
      "was_bullish": false
    },
    "USDJPY": {
      "highest_pct_ytd": 1.7412665496889541,
      "lowest_pct_ytd": -2.9574094751954,
      "was_bullish": true
    },
    "CHFJPY": {
      "highest_pct_ytd": 3.2229665459108316,
      "lowest_pct_ytd": -0.7892979296108166,
      "was_bullish": true
    },
    "CADJPY": {
      "highest_pct_ytd": 1.126822221249391,
      "lowest_pct_ytd": -2.167841351836448,
      "was_bullish": true
    }
  }
}