{
  "year": 2026,
  "pairs": {
    "EURJPY": {
      "highest_pct_ytd": 1.539882634209956,
      "lowest_pct_ytd": -1.4670723755705222,
      "was_bullish": false
    },
    "USDJPY": {
      "highest_pct_ytd": 1.7412665496889541,
      "lowest_pct_ytd": -2.9574094751954,
      "was_bullish": false
    },
    "GBPJPY": {
      "highest_pct_ytd": 1.8763504036996361,
      "lowest_pct_ytd": -1.357511087525117,
      "was_bullish": false
    },
    "AUDJPY": {
      "highest_pct_ytd": 5.941862688850639,
      "lowest_pct_ytd": -0.06980302161024411,
      "was_bullish": true
    },
    "NZDJPY": {
      "highest_pct_ytd": 5.221524246352254,
      "lowest_pct_ytd": -0.3223983780370224,
      "was_bullish": true
    },
    "CADJPY": {
      "highest_pct_ytd": 1.0672853828306212,
      "lowest_pct_ytd": -2.167841351836448,
      "was_bullish": false
    },
    "CHFJPY": {
      "highest_pct_ytd": 3.0463864321709675,
      "lowest_pct_ytd": -0.7892979296108166,
      "was_bullish": true
    }
  }
}