{
  "generated_at": "2026-06-15T20:22:54.265646+00:00",
  "source": "S&P MidCap 400 (Wikipedia)",
  "benchmark": "IWR",
  "years": 3,
  "cost_bps": 10.0,
  "months": 36,
  "metrics": {
    "Rotation Top-1": {
      "total": 1.9016037786228224,
      "cagr": 0.4263059788714305,
      "vol": 0.2851396955351163,
      "sharpe": 1.3969383683478303,
      "maxdd": -0.1829218050521989,
      "win": 44.44444444444444,
      "months": 36
    },
    "Rotation Top-2": {
      "total": 1.066333916388198,
      "cagr": 0.2736990788518894,
      "vol": 0.2502244460315692,
      "sharpe": 1.0947904803353559,
      "maxdd": -0.2151760152199923,
      "win": 52.77777777777778,
      "months": 36
    },
    "Equal-Weight Tech": {
      "total": 0.8266570980608143,
      "cagr": 0.22241595474662357,
      "vol": 0.1853869020598005,
      "sharpe": 1.1802091007099198,
      "maxdd": -0.1454687950377891,
      "win": 50.0,
      "months": 36
    },
    "IWR Buy & Hold": {
      "total": 0.5958949454030122,
      "cagr": 0.1686059675740601,
      "vol": 0.1434174763172702,
      "sharpe": 1.162487489034781,
      "maxdd": -0.12152771554834474,
      "win": 66.66666666666666,
      "months": 36
    }
  },
  "rotation_choices": [
    [
      "2023-06",
      []
    ],
    [
      "2023-07",
      []
    ],
    [
      "2023-08",
      []
    ],
    [
      "2023-09",
      []
    ],
    [
      "2023-10",
      []
    ],
    [
      "2023-11",
      []
    ],
    [
      "2023-12",
      []
    ],
    [
      "2024-01",
      [
        "IT / Internet"
      ]
    ],
    [
      "2024-02",
      [
        "IT / Internet"
      ]
    ],
    [
      "2024-03",
      [
        "IT / Internet"
      ]
    ],
    [
      "2024-04",
      [
        "IT / Internet"
      ]
    ],
    [
      "2024-05",
      [
        "IT / Internet"
      ]
    ],
    [
      "2024-06",
      [
        "IT / Internet"
      ]
    ],
    [
      "2024-07",
      [
        "Hardware"
      ]
    ],
    [
      "2024-08",
      [
        "Hardware"
      ]
    ],
    [
      "2024-09",
      [
        "Logiciels"
      ]
    ],
    [
      "2024-10",
      [
        "Distributors"
      ]
    ],
    [
      "2024-11",
      [
        "IT / Internet"
      ]
    ],
    [
      "2024-12",
      [
        "IT / Internet"
      ]
    ],
    [
      "2025-01",
      [
        "IT / Internet"
      ]
    ],
    [
      "2025-02",
      [
        "IT / Internet"
      ]
    ],
    [
      "2025-03",
      [
        "IT / Internet"
      ]
    ],
    [
      "2025-04",
      [
        "IT / Internet"
      ]
    ],
    [
      "2025-05",
      [
        "Logiciels"
      ]
    ],
    [
      "2025-06",
      [
        "Hardware"
      ]
    ],
    [
      "2025-07",
      [
        "Hardware"
      ]
    ],
    [
      "2025-08",
      [
        "Hardware"
      ]
    ],
    [
      "2025-09",
      [
        "Hardware"
      ]
    ],
    [
      "2025-10",
      [
        "Hardware"
      ]
    ],
    [
      "2025-11",
      [
        "Hardware"
      ]
    ],
    [
      "2025-12",
      [
        "Semis"
      ]
    ],
    [
      "2026-01",
      [
        "Semis"
      ]
    ],
    [
      "2026-02",
      [
        "Semis"
      ]
    ],
    [
      "2026-03",
      [
        "Semis"
      ]
    ],
    [
      "2026-04",
      [
        "IT / Internet"
      ]
    ],
    [
      "2026-05",
      [
        "Distributors"
      ]
    ]
  ],
  "monthly_returns": {
    "Rotation Top-1": {
      "2023-07": 0.0,
      "2023-08": 0.0,
      "2023-09": 0.0,
      "2023-10": 0.0,
      "2023-11": 0.0,
      "2023-12": 0.0,
      "2024-01": 0.0,
      "2024-02": -0.00364,
      "2024-03": 0.08812,
      "2024-04": -0.01851,
      "2024-05": -0.07078,
      "2024-06": 0.17856,
      "2024-07": -0.02223,
      "2024-08": -0.00687,
      "2024-09": -0.03999,
      "2024-10": 0.03128,
      "2024-11": -0.02329,
      "2024-12": 0.22118,
      "2025-01": -0.04225,
      "2025-02": 0.12162,
      "2025-03": -0.00548,
      "2025-04": -0.15194,
      "2025-05": -0.03123,
      "2025-06": 0.05675,
      "2025-07": 0.11403,
      "2025-08": 0.06165,
      "2025-09": 0.08237,
      "2025-10": 0.06955,
      "2025-11": 0.07854,
      "2025-12": -0.07351,
      "2026-01": 0.0947,
      "2026-02": 0.17333,
      "2026-03": 0.09379,
      "2026-04": -0.07184,
      "2026-05": 0.14409,
      "2026-06": 0.14696
    },
    "Rotation Top-2": {
      "2023-07": 0.0,
      "2023-08": 0.0,
      "2023-09": 0.0,
      "2023-10": 0.0,
      "2023-11": 0.0,
      "2023-12": 0.0,
      "2024-01": 0.0,
      "2024-02": 0.06941,
      "2024-03": 0.00146,
      "2024-04": -0.01173,
      "2024-05": -0.05631,
      "2024-06": 0.13513,
      "2024-07": -0.06619,
      "2024-08": -0.02246,
      "2024-09": -0.0334,
      "2024-10": 0.02966,
      "2024-11": 0.03334,
      "2024-12": 0.07882,
      "2025-01": -0.047,
      "2025-02": 0.08728,
      "2025-03": -0.11018,
      "2025-04": -0.118,
      "2025-05": 0.02417,
      "2025-06": 0.05538,
      "2025-07": 0.05739,
      "2025-08": 0.04111,
      "2025-09": 0.08291,
      "2025-10": 0.11044,
      "2025-11": 0.06571,
      "2025-12": -0.05084,
      "2026-01": 0.04531,
      "2026-02": 0.15969,
      "2026-03": 0.05232,
      "2026-04": -0.08974,
      "2026-05": 0.2103,
      "2026-06": 0.08784
    },
    "Equal-Weight Tech": {
      "2023-07": 0.0,
      "2023-08": 0.0,
      "2023-09": 0.0,
      "2023-10": 0.0,
      "2023-11": 0.0,
      "2023-12": 0.0,
      "2024-01": 0.0,
      "2024-02": 0.02135,
      "2024-03": 0.05144,
      "2024-04": -0.00854,
      "2024-05": -0.0533,
      "2024-06": 0.05996,
      "2024-07": 0.01932,
      "2024-08": -0.03556,
      "2024-09": -0.00561,
      "2024-10": 0.03739,
      "2024-11": 0.02503,
      "2024-12": 0.10494,
      "2025-01": -0.04325,
      "2025-02": 0.04754,
      "2025-03": -0.09609,
      "2025-04": -0.0543,
      "2025-05": -0.00035,
      "2025-06": 0.07449,
      "2025-07": 0.08765,
      "2025-08": -0.00343,
      "2025-09": 0.04284,
      "2025-10": 0.072,
      "2025-11": 0.03555,
      "2025-12": -0.05846,
      "2026-01": 0.02534,
      "2026-02": 0.04754,
      "2026-03": 0.0373,
      "2026-04": -0.0532,
      "2026-05": 0.15747,
      "2026-06": 0.1213
    },
    "IWR Buy & Hold": {
      "2023-07": 0.04743,
      "2023-08": 0.03193,
      "2023-09": -0.02486,
      "2023-10": -0.06793,
      "2023-11": -0.03347,
      "2023-12": 0.11706,
      "2024-01": 0.05129,
      "2024-02": 0.00375,
      "2024-03": 0.04884,
      "2024-04": 0.02912,
      "2024-05": -0.0486,
      "2024-06": 0.02302,
      "2024-07": -0.0085,
      "2024-08": 0.04092,
      "2024-09": 0.0172,
      "2024-10": 0.03292,
      "2024-11": 0.0008,
      "2024-12": 0.08512,
      "2025-01": -0.06825,
      "2025-02": 0.0359,
      "2025-03": -0.03673,
      "2025-04": -0.02827,
      "2025-05": -0.01382,
      "2025-06": 0.05726,
      "2025-07": 0.04432,
      "2025-08": -0.00302,
      "2025-09": 0.03236,
      "2025-10": 0.01534,
      "2025-11": -0.00984,
      "2025-12": 0.00795,
      "2026-01": 0.01437,
      "2026-02": 0.02548,
      "2026-03": 0.03397,
      "2026-04": -0.04862,
      "2026-05": 0.06424,
      "2026-06": 0.03148
    }
  }
}