{
  "_last_date": "2025-12-09",
  "EURAUD": [
    -0.047228054602465444,
    -0.047228054602465444,
    -0.047228054602465444,
    -0.047228054602465444,
    -0.047228054602465444,
    -0.047228054602465444,
    -0.047228054602465444,
    -0.047228054602465444,
    -0.047228054602465444,
    -0.047228054602465444,
    -0.047228054602465444,
    -0.047228054602465444,
    -0.047228054602465444,
    -0.34880478881093235,
    -0.36359911916833776,
    -0.36587516999255487,
    -0.3328724330414374,
    -0.33628650927775683,
    -0.3397005855140763,
    -0.3766864114075707,
    -0.07420684301257399
  ],
  "EURGBP": [
    0.00915939639578668,
    0.00915939639578668,
    0.00915939639578668,
    0.00915939639578668,
    0.00915939639578668,
    0.00915939639578668,
    0.00915939639578668,
    0.00915939639578668,
    0.00915939639578668,
    0.00915939639578668,
    0.00915939639578668,
    0.00915939639578668,
    0.00915939639578668,
    0.07098532206728321,
    0.0572462274736159,
    0.08701426575988447,
    0.09388381305672447,
    0.0915939639577778,
    0.10876783219985876,
    0.09044903940831082,
    -0.02744739249770208
  ],
  "EURUSD": [
    0.0498487348734704,
    0.0498487348734704,
    0.0498487348734704,
    0.0498487348734704,
    0.0498487348734704,
    0.0498487348734704,
    0.0498487348734704,
    0.0498487348734704,
    0.0498487348734704,
    0.0498487348734704,
    0.0498487348734704,
    0.0498487348734704,
    0.0498487348734704,
    -0.111729922992306,
    -0.0962596259625971,
    -0.08766501650165195,
    -0.07305418041804329,
    -0.040394664466463184,
    -0.05500550055007184,
    -0.07563256325634402,
    -0.004300150505257663
  ],
  "EURCHF": [
    0.029825308904991264,
    0.029825308904991264,
    0.029825308904991264,
    0.029825308904991264,
    0.029825308904991264,
    0.029825308904991264,
    0.029825308904991264,
    0.029825308904991264,
    0.029825308904991264,
    0.029825308904991264,
    0.029825308904991264,
    0.029825308904991264,
    0.029825308904991264,
    -0.14806135492117622,
    -0.14806135492117622,
    -0.1438005965061741,
    -0.15551768214742404,
    -0.16616957818491754,
    -0.17149552620366432,
    -0.18108223263740134,
    -0.047973902197211274
  ],
  "EURJPY": [
    0.02811977923217352,
    0.02811977923217352,
    0.02811977923217352,
    0.02811977923217352,
    0.02811977923217352,
    0.02811977923217352,
    0.02811977923217352,
    0.02811977923217352,
    0.02811977923217352,
    0.02811977923217352,
    0.02811977923217352,
    0.02811977923217352,
    0.02811977923217352,
    0.5541250613397277,
    0.5657037939647293,
    0.5855530498933168,
    0.5612928482028157,
    0.5739743172682996,
    0.5927208367564205,
    0.5938235731968871,
    0.006031925335729112
  ],
  "EURCAD": [
    0.002481404971497342,
    0.002481404971497342,
    0.002481404971497342,
    0.002481404971497342,
    0.002481404971497342,
    0.002481404971497342,
    0.002481404971497342,
    0.002481404971497342,
    0.002481404971497342,
    0.002481404971497342,
    0.002481404971497342,
    0.002481404971497342,
    0.002481404971497342,
    -0.11352427744588975,
    -0.11228357496014796,
    -0.12841270727486004,
    -0.10483936004565594,
    -0.09243233518818302,
    -0.08871022773094388,
    -0.11290392620301197,
    0.00372666178059583
  ],
  "EURNZD": [
    0.059080528249419235,
    0.059080528249419235,
    0.059080528249419235,
    0.059080528249419235,
    0.059080528249419235,
    0.059080528249419235,
    0.059080528249419235,
    0.059080528249419235,
    0.059080528249419235,
    0.059080528249419235,
    0.059080528249419235,
    0.059080528249419235,
    0.059080528249419235,
    -0.1290835070996007,
    -0.13454473239998183,
    -0.1400059577003409,
    -0.09532320524278341,
    -0.10823155595273908,
    -0.10723860589814238,
    -0.1256081819084571,
    0.030321859077917207
  ],
  "GBPCHF": [
    -0.009300595238094215,
    -0.009300595238094215,
    -0.009300595238094215,
    -0.009300595238094215,
    -0.009300595238094215,
    -0.009300595238094215,
    -0.009300595238094215,
    -0.009300595238094215,
    -0.009300595238094215,
    -0.009300595238094215,
    -0.009300595238094215,
    -0.009300595238094215,
    -0.009300595238094215,
    -0.2511160714285644,
    -0.23623511904761782,
    -0.26320684523808485,
    -0.2827380952380889,
    -0.2845982142856995,
    -0.3106398809523715,
    -0.2976190476190355,
    -0.051268188555060025
  ],
  "GBPAUD": [
    -0.05615827688514656,
    -0.05615827688514656,
    -0.05615827688514656,
    -0.05615827688514656,
    -0.05615827688514656,
    -0.05615827688514656,
    -0.05615827688514656,
    -0.05615827688514656,
    -0.05615827688514656,
    -0.05615827688514656,
    -0.05615827688514656,
    -0.05615827688514656,
    -0.05615827688514656,
    -0.4259083477042072,
    -0.4254113718025654,
    -0.4537389981959706,
    -0.4259083477042072,
    -0.4278962513107743,
    -0.44976319098285833,
    -0.4666603716385687,
    -0.07037613799712063
  ],
  "GBPCAD": [
    -0.009752186115045833,
    -0.009752186115045833,
    -0.009752186115045833,
    -0.009752186115045833,
    -0.009752186115045833,
    -0.009752186115045833,
    -0.009752186115045833,
    -0.009752186115045833,
    -0.009752186115045833,
    -0.009752186115045833,
    -0.009752186115045833,
    -0.009752186115045833,
    -0.009752186115045833,
    -0.19179299359605778,
    -0.1782482906584901,
    -0.22213312817623243,
    -0.20858842523865276,
    -0.1863751124210283,
    -0.20479590841613093,
    -0.20642127276863856,
    0.007602993407120149
  ],
  "NZDCHF": [
    -0.07720020586722143,
    -0.07720020586722143,
    -0.07720020586722143,
    -0.07720020586722143,
    -0.07720020586722143,
    -0.07720020586722143,
    -0.07720020586722143,
    -0.07720020586722143,
    -0.07720020586722143,
    -0.07720020586722143,
    -0.07720020586722143,
    -0.07720020586722143,
    -0.07720020586722143,
    -0.07291130554126071,
    -0.07720020586722143,
    -0.060044604563390475,
    -0.10722250814891071,
    -0.11151140847487143,
    -0.12008920912678095,
    -0.10722250814891071,
    -0.04291292966570355
  ],
  "GBPNZD": [
    0.05290316985386579,
    0.05290316985386579,
    0.05290316985386579,
    0.05290316985386579,
    0.05290316985386579,
    0.05290316985386579,
    0.05290316985386579,
    0.05290316985386579,
    0.05290316985386579,
    0.05290316985386579,
    0.05290316985386579,
    0.05290316985386579,
    0.05290316985386579,
    -0.20814361909717338,
    -0.19426737782401438,
    -0.22982524608645064,
    -0.19686917306274615,
    -0.20033823338101664,
    -0.22071896275094727,
    -0.2202853302111779,
    0.025639577077343236
  ],
  "NZDCAD": [
    -0.05747629102995214,
    -0.05747629102995214,
    -0.05747629102995214,
    -0.05747629102995214,
    -0.05747629102995214,
    -0.05747629102995214,
    -0.05747629102995214,
    -0.05747629102995214,
    -0.05747629102995214,
    -0.05747629102995214,
    -0.05747629102995214,
    -0.05747629102995214,
    -0.05747629102995214,
    0.01624329963889439,
    0.01624329963889439,
    0.008746392113255095,
    -0.006247422938037372,
    0.018742268814112114,
    0.014993815051292464,
    0.013744330463690542,
    -0.0024995000999825036
  ],
  "GBPUSD": [
    0.03828340226848003,
    0.03828340226848003,
    0.03828340226848003,
    0.03828340226848003,
    0.03828340226848003,
    0.03828340226848003,
    0.03828340226848003,
    0.03828340226848003,
    0.03828340226848003,
    0.03828340226848003,
    0.03828340226848003,
    0.03828340226848003,
    0.03828340226848003,
    -0.18391046187799326,
    -0.1568868838061319,
    -0.1718999827349456,
    -0.16739605305630484,
    -0.1328659255200199,
    -0.16664539810985915,
    -0.16589474316341346,
    0.0
  ],