{
  "_last_date": "2025-12-07",
  "EURUSD": [
    0.008159157000403146,
    0.008159157000403146,
    0.008159157000403146,
    0.0,
    -0.046580274174850195,
    -0.046580274174850195,
    -0.046580274174850195,
    -0.046580274174850195,
    -0.046580274174850195,
    -0.046580274174850195,
    -0.046580274174850195
  ],
  "EURGBP": [
    -0.07323721375301843,
    -0.07323721375301843,
    -0.07323721375301843,
    0.08812859584999516,
    0.07325062793074139,
    0.07325062793074139,
    0.07325062793074139,
    0.07325062793074139,
    0.07325062793074139,
    -0.030901969130774677,
    0.06294997155381649
  ],
  "EURJPY": [
    0.13675847685848366,
    0.13675847685848366,
    0.13675847685848366,
    0.09632941263134312,
    0.09632941263134312,
    0.13342337482236544,
    0.1312100707699747,
    0.1312100707699747,
    0.1312100707699747,
    0.024912342177482314,
    0.11792179873023928
  ],
  "EURAUD": [
    -0.5413358529426965,
    -0.5413358529426965,
    -0.5413358529426965,
    -0.025089608171150416,
    -0.07013670471685993,
    -0.0849620732948277,
    -0.009693248781376455,
    -0.009693248781376455,
    -0.07812377857248219,
    -0.005703110608397508,
    0.025653801473292246
  ],
  "EURCHF": [
    0.07480677888023221,
    0.07480677888023221,
    0.07480677888023221,
    -0.042723921900670765,
    -0.042723921900670765,
    -0.042723921900670765,
    -0.042723921900670765,
    -0.042723921900670765,
    -0.042723921900670765,
    -0.04913569378650914,
    -0.04913569378650914,
    -0.04913569378650914,
    -0.06622526254677744,
    -0.06622526254677744,
    -0.017089568760268306
  ],
  "GBPCHF": [
    0.16065819420813238,
    0.16065819420813238,
    0.16065819420813238,
    -0.1745299529090662,
    -0.12132652109857632,
    -0.12132652109857632,
    -0.1185339528458718,
    -0.1185339528458718,
    -0.13719186902031588,
    -0.12786847381805938,
    -0.08586869232818084
  ],
  "EURCAD": [
    -1.0705593216062563,
    -1.0705593216062563,
    -1.0705593216062563,
    0.03479536061858419,
    0.055296330859589085,
    0.055296330859589085,
    0.11680664800248856,
    0.11680664800248856,
    0.11680664800248856,
    0.11680664800248856,
    0.06834644269652934
  ],
  "EURNZD": [
    -0.3072156942671313,
    -0.3072156942671313,
    -0.3072156942671313,
    0.06904470200342144,
    0.1818019246062646,
    0.1818019246062646,
    0.1818019246062646,
    0.1818019246062646,
    0.1818019246062646,
    0.1818019246062646,
    0.03875030273674013
  ],
  "GBPCAD": [
    0.0,
    0.0,
    0.0,
    0.028781285406127503,
    0.029325061378712904,
    0.029325061378712904,
    0.13901891680085204,
    0.13521248499275418,
    0.06299385701462588,
    0.06299385701462588,
    0.052131284609884115
  ],
  "GBPAUD": [
    0.0,
    0.0,
    0.0,
    -0.1125729589515454,
    -0.14296373877610546,
    -0.15790379388329442,
    -0.0826928487371675,
    -0.11357054609701749,
    -0.07173126617442074,
    -0.09165925700897008,
    -0.037860807378154525
  ],
  "GBPNZD": [
    0.0,
    -0.15557684833003368,
    -0.15557684833003368,
    -0.17420515604281434,
    -0.046803235684357326,
    -0.046803235684357326,
    -0.046803235684357326,
    -0.03770088455015891,
    0.031636094407395614,
    -0.17074398960699538,
    -0.17984634074119382
  ],
  "GBPUSD": [
    0.006670916022288371,
    0.006670916022288371,
    0.006670916022288371,
    -0.10520553217456124,
    -0.04796621118438984,
    -0.04796621118438984,
    -0.04796621118438984,
    -0.04796621118438984,
    -0.04796621118438984,
    -0.02399204783887359,
    -0.01199155279609746
  ],
  "GBPJPY": [
    0.21438243010714098,
    0.21438243010714098,
    0.21438243010714098,
    -0.059949035574408324,
    -0.05221105866810165,
    -0.008217451166468668,
    0.04882523273865001,
    0.04495993254903639,
    -0.004839001764096451,
    0.01933387747514756,
    -0.013535927190727116
  ],
  "NZDCHF": [
    0.0,
    0.0,
    -0.06484114402785174,
    0.043225282365244165,
    0.043225282365244165,
    0.24637960080991206,
    0.19451055016361327,
    0.1728946885010057,
    0.16857280436047836,
    0.3025705355967382,
    0.32634411884962394
  ],
  "NZDCAD": [
    0.0,
    0.15670607008868032,
    0.15670607008868032,
    0.2030932188160562,
    0.07647752371531771,
    0.07647752371531771,
    0.1378986517016305,
    0.1730028438281144,
    0.03134569731174966,
    0.241948433600585,
    0.23317612164730867
  ],
  "USDCHF": [
    0.1182139093224106,
    0.1182139093224106,
    0.1182139093224106,
    0.037344724080142236,
    0.037344724080142236,
    0.037344724080142236,
    0.037344724080142236,
    -0.007471912805226155,
    0.037344724080142236,
    0.037344724080142236,
    0.037344724080142236,
    0.037344724080142236,
    0.012443294711384568,
    0.024894009395763406,
    0.04978801879152681
  ],
  "NZDUSD": [
    0.0,
    0.1562182251294364,
    0.1562182251294364,
    0.06936497771251575,
    -0.0404242128034563,
    -0.0404242128034563,
    -0.0404242128034563,
    -0.023111341674257813,
    -0.09235250862780432,
    0.10988204858519898,
    0.11567020156701088
  ],
  "NZDJPY": [
    0.43883515146431984,
    0.43883515146431984,
    0.43883515146431984,
    -0.05124112480600785,
    -0.1637523223813822,
    -0.1269936783631397,
    -0.12476691195093634,
    -0.08243285279374193,
    -0.2016328487141699,
    0.015595863993867042,
    0.00111338320610168
  ],
  "USDJPY": [
    0.12700736318055558,
    0.12700736318055558,
    0.12700736318055558,
    0.030941074857140947,
    0.07282856303786672,
    0.07282856303786672,
    0.07282856303786672,
    0.07282856303786672,
    0.07282856303786672,
    0.11086071067695256,
    0.11086071067695256,
    0.11086071067695256,
    0.06252142812042116,
    0.07476606836108883,
    0.05606963374461555
  ],
  "USDCAD": [
    -0.014479419981012803,
    0.0,
    0.0,
    0.11581810189818466,
    0.10857839190767825,
    0.10857839190767825,
    0.19543765384383732,
    0.1809582338628245,
    0.11581810189818466,
    0.11581810189818466,
    0.10857839190767825
  ],
  "AUDCHF": [
    0.0,
    0.0,
    -0.05641034090204764,
    0.06769689232035918,
    0.31967727860286166,
    0.30087009560392747,
    0.2256525717029456,
    0.2444597547018798,
    0.21624898020347846,
    0.2256525717029456,
    0.21624898020347846
  ],
  "AUDUSD": [
    0.0,
    0.0,
    0.0,
    0.006640374373539005,
    0.05316786238272785,
    0.06645758460868902,
    0.01992112312061702,
    0.01328074874707801,
    0.006640374373539005,
    -0.033210845346578186,
    -0.033210845346578186
  ],
  "AUDCAD": [
    0.0,
    0.0,
    0.0,
    0.14186657543219025,
    0.21606830357534862,
    0.18769628936072233,
    0.2226181931475927,
    0.21497557125346478,
    0.13422395353806238,
    0.09712308946648321,
    0.08948697193141412
  ],
  "AUDJPY": [
    0.6587066555326178,
    0.6587066555326178,
    0.6587066555326178,
    0.049491805640851504,
    0.09511104779424559,
    0.14655024195747052,
    0.12810558488814658,
    0.00969992001638472,
    0.06307909818288658,
    -0.031061957609720536,
    0.020377236553504388
  ],
  "AUDNZD": [
    0.0,
    -0.1548959281312769,
    -0.1548959281312769,
    -0.2636716247817303,
    -0.08354753584043022,
    0.11137942541826412,
    -0.1174789971930559,
    -0.061784097773230996,
    0.1035474922720604,
    -0.1940555938622955,
    -0.19144149167309904
  ],
  "CHFJPY": [
    0.034201005596549754,
    0.034201005596549754,
    0.034201005596549754,
    0.07203285900235992,
    0.07203285900235992,
    0.10882417546097471,
    0.1419861744352774,
    0.1357712647562593,
    0.11089581202064741,
    0.10052972221251416,
    0.06840354151804783
  ],
  "CADJPY": [
    1.1817506502488586,
    1.1817506502488586,
    1.1817506502488586,
    -0.08816134940130997,
    -0.07391394267392502,
    -0.03740199047890039,
    -0.08994142596906146,
    -0.08994142596906146,
    -0.06767688050142175,
    -0.04363225846603057,
    -0.06500676564979453
  ],