{
  "_last_date": "2025-12-09",
  "EURAUD": [
    -0.047228054602465444,
    -0.047228054602465444,
    -0.047228054602465444,
    -0.047228054602465444,
    -0.047228054602465444,
    -0.047228054602465444
  ],
  "EURGBP": [
    0.00915939639578668,
    0.00915939639578668,
    0.00915939639578668,
    0.00915939639578668,
    0.00915939639578668,
    0.00915939639578668
  ],
  "EURUSD": [
    0.0498487348734704,
    0.0498487348734704,
    0.0498487348734704,
    0.0498487348734704,
    0.0498487348734704,
    0.0498487348734704
  ],
  "EURCHF": [
    0.029825308904991264,
    0.029825308904991264,
    0.029825308904991264,
    0.029825308904991264,
    0.029825308904991264,
    0.029825308904991264
  ],
  "EURJPY": [
    0.02811977923217352,
    0.02811977923217352,
    0.02811977923217352,
    0.02811977923217352,
    0.02811977923217352,
    0.02811977923217352
  ],
  "EURCAD": [
    0.002481404971497342,
    0.002481404971497342,
    0.002481404971497342,
    0.002481404971497342,
    0.002481404971497342,
    0.002481404971497342
  ],
  "EURNZD": [
    0.059080528249419235,
    0.059080528249419235,
    0.059080528249419235,
    0.059080528249419235,
    0.059080528249419235,
    0.059080528249419235
  ],
  "GBPCHF": [
    -0.009300595238094215,
    -0.009300595238094215,
    -0.009300595238094215,
    -0.009300595238094215,
    -0.009300595238094215,
    -0.009300595238094215
  ],
  "GBPAUD": [
    -0.05615827688514656,
    -0.05615827688514656,
    -0.05615827688514656,
    -0.05615827688514656,
    -0.05615827688514656,
    -0.05615827688514656
  ],
  "GBPCAD": [
    -0.009752186115045833,
    -0.009752186115045833,
    -0.009752186115045833,
    -0.009752186115045833,
    -0.009752186115045833,
    -0.009752186115045833
  ],
  "NZDCHF": [
    -0.07720020586722143,
    -0.07720020586722143,
    -0.07720020586722143,
    -0.07720020586722143,
    -0.07720020586722143,
    -0.07720020586722143
  ],
  "GBPNZD": [
    0.05290316985386579,
    0.05290316985386579,
    0.05290316985386579,
    0.05290316985386579,
    0.05290316985386579,
    0.05290316985386579
  ],
  "NZDCAD": [
    -0.05747629102995214,
    -0.05747629102995214,
    -0.05747629102995214,
    -0.05747629102995214,
    -0.05747629102995214,
    -0.05747629102995214
  ],
  "GBPUSD": [
    0.03828340226848003,
    0.03828340226848003,
    0.03828340226848003,
    0.03828340226848003,
    0.03828340226848003,
    0.03828340226848003
  ],
  "GBPJPY": [
    0.02215244736386873,
    0.02215244736386873,
    0.02215244736386873,
    0.02215244736386873,
    0.02215244736386873,
    0.02215244736386873
  ],
  "NZDUSD": [
    0.010388890812748724,
    0.010388890812748724,
    0.010388890812748724,
    0.010388890812748724,
    0.010388890812748724,
    0.010388890812748724
  ],
  "NZDJPY": [
    -0.03220611916263686,
    -0.03220611916263686,
    -0.03220611916263686,
    -0.03220611916263686,
    -0.03220611916263686,
    -0.03220611916263686
  ],
  "USDCHF": [
    -0.0668954325285216,
    -0.0668954325285216,
    -0.0668954325285216,
    -0.0668954325285216,
    -0.0668954325285216,
    -0.0668954325285216
  ],
  "USDJPY": [
    -0.019246190858060074,
    -0.019246190858060074,
    -0.019246190858060074,
    -0.019246190858060074,
    -0.019246190858060074,
    -0.019246190858060074
  ],
  "USDCAD": [
    -0.040419788373528935,
    -0.040419788373528935,
    -0.040419788373528935,
    -0.040419788373528935,
    -0.040419788373528935,
    -0.040419788373528935
  ],
  "AUDCHF": [
    0.031809591527422396,
    0.031809591527422396,
    0.031809591527422396,
    0.031809591527422396,
    0.031809591527422396,
    0.031809591527422396
  ],
  "AUDCAD": [
    0.05233090576075236,
    0.05233090576075236,
    0.05233090576075236,
    0.05233090576075236,
    0.05233090576075236,
    0.05233090576075236
  ],
  "AUDUSD": [
    0.09666797571216718,
    0.09666797571216718,
    0.09666797571216718,
    0.09666797571216718,
    0.09666797571216718,
    0.09666797571216718
  ],
  "AUDJPY": [
    0.06200949520396004,
    0.06200949520396004,
    0.06200949520396004,
    0.06200949520396004,
    0.06200949520396004,
    0.06200949520396004
  ],
  "AUDNZD": [
    0.07413868294810443,
    0.07413868294810443,
    0.07413868294810443,
    0.07413868294810443,
    0.07413868294810443,
    0.07413868294810443
  ],
  "CHFJPY": [
    0.03365730648343166,
    0.03365730648343166,
    0.03365730648343166,
    0.03365730648343166,
    0.03365730648343166,
    0.03365730648343166
  ],
  "CADJPY": [
    0.02577594482171097,
    0.02577594482171097,
    0.02577594482171097,
    0.02577594482171097,
    0.02577594482171097,
    0.02577594482171097
  ],
  "CADCHF": [
    -0.02059590827955667,
    -0.02059590827955667,
    -0.02059590827955667,
    -0.02059590827955667,
    -0.02059590827955667,
    -0.02059590827955667
  ]
}