{
  "_last_date": "2025-12-10",
  "EURJPY": [
    -0.14202442381403363,
    -0.12283193410943534,
    -0.01699906230979196,
    0.027966199283839224,
    0.12557371835296274,
    0.10638122864834886,
    -0.02138591709940463,
    -0.021934273948110112,
    -0.004935211638318151,
    -0.05428732802157758,
    -0.0915755937333788
  ],
  "EURCAD": [
    0.05776325759929053,
    0.050931044334855645,
    0.07329101501844443,
    0.11304207401149878,
    0.2670774276095931,
    0.17018422131401875,
    0.07329101501844443,
    0.07701767679904026,
    0.09689320629557432,
    0.07701767679904026,
    0.10310430926323864
  ],
  "EURNZD": [
    0.1267553125388259,
    0.09494221448985382,
    0.05716416055672844,
    0.040263452218216846,
    0.14266186156330088,
    0.026345221821792934,
    -0.05219336398658965,
    -0.0019883186280731727,
    0.0342984963340194,
    0.03330433702000489,
    0.07505902820925454
  ],
  "GBPCHF": [
    -0.01771082877356356,
    -0.022371573187671214,
    -0.023303722070476186,
    0.0326252108986915,
    -0.1370258857744629,
    -0.12677224806344262,
    -0.07084331509427493,
    -0.1239758014149863,
    -0.23583366735334235,
    -0.20041200980619456,
    -0.19668341427491257
  ],
  "GBPAUD": [
    0.03094553585689511,
    0.011978917105905608,
    -0.06089282862162588,
    -0.013975403290212126,
    -0.02595432039609557,
    -0.053905126976519814,
    -0.05490337006868416,
    -0.01796837565884733,
    -0.004991215460777378,
    0.11479795559814569,
    0.22160996645904318
  ],
  "GBPCAD": [
    0.11513104302207582,
    0.10752804961496772,
    0.10535576578436023,
    0.17215349357546486,
    0.19441940283917045,
    0.15640443580358174,
    0.1352246684551739,
    0.10752804961496772,
    0.12056175259858848,
    0.17649806123667983,
    0.2432957890277965
  ],
  "GBPNZD": [
    0.16817824286329064,
    0.14036582027090358,
    0.0690964873779299,
    0.08387183688013128,
    0.0599705362148038,
    -0.004780260133077077,
    -0.003911121927059554,
    0.01347164219317511,
    0.04562975581561117,
    0.11863736512060061,
    0.2003363564857267
  ],
  "GBPUSD": [
    0.06843340151606052,
    0.07068944771988486,
    0.09324990975814491,
    0.16845144988569513,
    0.17521958849716815,
    0.09926603296835426,
    0.10077006377089827,
    0.09851401756707392,
    0.13686680303212104,
    0.19025989652267486,
    0.237636866803036
  ],
  "GBPJPY": [
    -0.08055158657857442,
    -0.06616737468954327,
    0.020137896644643605,
    0.09157948236014905,
    0.05274211025977178,
    0.09301790354905898,
    0.04507053058562637,
    0.008630527133418687,
    0.020137896644643605,
    0.042673161937456794,
    0.05657790009685129
  ],
  "NZDCHF": [
    -0.15448654679654947,
    -0.13088443548041012,
    -0.060078101531980205,
    -0.023602111316139335,
    -0.167360425696251,
    -0.08797150581469466,
    -0.03862163669912844,
    -0.10942797064754643,
    -0.2446036990945317,
    -0.28751662876023526,
    -0.3604686091919408
  ],
  "NZDCAD": [
    -0.048740251949610264,
    -0.024995000999797286,
    0.04749050189962595,
    0.09248150369925551,
    0.14122175564886577,
    0.16746650669866125,
    0.14622075584883076,
    0.09498100379923802,
    0.07873425314937256,
    0.05748850229954209,
    0.046240751849627754
  ],
  "NZDUSD": [
    -0.10037554297975425,
    -0.058840835539865875,
    0.025959192149956654,
    0.08826125330979881,
    0.13498779917969003,
    0.1055673814097571,
    0.1090286070297526,
    0.09172247892979431,
    0.10210615578978083,
    0.07441635082983603,
    0.036342869009923943
  ],
  "NZDJPY": [
    -0.2482731225034852,
    -0.194204753602721,
    -0.04634431620065057,
    0.013241233200185878,
    0.016551541500232348,
    0.10592986560147134,
    0.05296493280074351,
    -0.0022068722000414334,
    -0.013241233200185878,
    -0.06289585770088292,
    -0.13241233200185878
  ],
  "USDCHF": [
    -0.06446893713039784,
    -0.07314744789793816,
    -0.09298404393806375,
    -0.11282063997818935,
    -0.29382957884426825,
    -0.20208532215872008,
    -0.1450551085433745,
    -0.19216702413866416,
    -0.35829851597466605,
    -0.37193617575224125,
    -0.405410431569942
  ],
  "USDJPY": [
    -0.14664813374309146,
    -0.13772172560220086,
    -0.06758566163811994,
    -0.07459926803452621,
    -0.12114411048342731,
    -0.0006376005814947749,
    -0.05037044593785162,
    -0.08671367908287257,
    -0.11476810466851581,
    -0.14346013083563572,
    -0.17725296165469567
  ],
  "USDCAD": [
    0.050551736091061374,
    0.03899705355595246,
    0.018776359119543954,
    0.008666011901331677,
    0.021665029753305143,
    0.06427292160148314,
    0.04838523311571642,
    0.023109365070201775,
    -0.010110347218212273,
    -0.010832514876644554,
    0.02238719741175346
  ],
  "EURUSD": [
    0.004300150505276759,
    0.011180391313692839,
    0.055901956568483284,
    0.10406364222749133,
    0.24252848849710124,
    0.10750376263168981,
    0.030101053536880022,
    0.06364222747795854,
    0.11008385293484824,
    0.08686304020640338,
    0.08514298000430415
  ],
  "AUDCAD": [
    0.08269138703921126,
    0.09357183270226443,
    0.16538277407842253,
    0.18279148713931484,
    0.21869695782738785,
    0.2110806458632482,
    0.19149584366975494,
    0.12186099142620987,
    0.11968490229359685,
    0.05984245114679239,
    0.019584802193493272
  ],
  "AUDUSD": [
    0.03314550878355952,
    0.055744719317802366,
    0.1491547895260262,
    0.17476722813150478,
    0.20791273691506432,
    0.1476481754904,
    0.15668785970410715,
    0.11148943863560473,
    0.1371018772410833,
    0.07231747370959049,
    0.012052912284926174
  ],
  "AUDJPY": [
    -0.11623662318199687,
    -0.07781129320448334,
    0.07492939345616914,
    0.10182712444042588,
    0.08933889219774013,
    0.14793752041345304,
    0.09990585794155431,
    0.023055197986513586,
    0.0240158312359562,
    -0.06628369421122654,
    -0.16234701915502403
  ],
  "AUDNZD": [
    0.13581751697719013,
    0.12362876545359365,
    0.12449939056242751,
    0.09402751175343634,
    0.07922688490335768,
    0.052237506529682565,
    0.04614313076788433,
    0.026989378373675123,
    0.043531255441402135,
    0.003482500435316037,
    -0.02524812815602677
  ],
  "CHFJPY": [
    -0.04373305344178078,
    -0.01800772788779467,
    0.06225528784067243,
    0.08335005479494659,
    0.21712174767571532,
    0.24644861880727792,
    0.13377169288078336,
    0.1497213947242486,
    0.2870946331825938,
    0.27011591831694926,
    0.2762899964499082
  ],
  "CADJPY": [
    -0.20306361188363922,
    -0.17039685692844023,
    -0.08917141217498706,
    -0.08210833002251669,
    -0.1377301019732538,
    -0.06091908356509302,
    -0.09358583852027948,
    -0.10329757647994035,
    -0.09800026486558443,
    -0.12978413455171992,
    -0.18452302123339354
  ],
  "CADCHF": [
    -0.11501948464403161,
    -0.11158606719196724,
    -0.11845290209609595,
    -0.1253197370002246,
    -0.3193078230416599,
    -0.2660898525347102,
    -0.1905546685893709,
    -0.21458859075380224,
    -0.33132478412387556,
    -0.35535870628830685,
    -0.42059363787745313
  ],
  "AUDCHF": [
    -0.03175374040383351,
    -0.02054653790837262,
    0.048564544147045585,
    0.05790387955993658,
    -0.09899695537666107,
    -0.048564544147045585,
    0.001867867082569903,
    -0.09152548704633999,
    -0.2148047144965135,
    -0.29885873321255313,
    -0.39785568858919346
  ],
  "EURGBP": [
    -0.0617566331198519,
    -0.057182067703561865,
    -0.03430924062213712,
    -0.06404391582799691,
    0.06747483989022078,
    0.01143641354072507,
    -0.06633119853612922,
    -0.03202195791399211,
    -0.025160109789569764,
    -0.09835315645013404,
    -0.14981701738333972
  ],