{
  "_last_date": "2025-12-08",
  "EURGBP": [
    -0.025178624296178658
  ],
  "EURJPY": [
    0.05757124853833232
  ],
  "EURAUD": [
    0.008551267157764083
  ],
  "EURUSD": [
    0.0699420417366215
  ],
  "EURCHF": [
    0.03098280237983069
  ],
  "EURCAD": [
    0.07455302255995497
  ],
  "GBPCHF": [
    0.03639239344460735
  ],
  "EURNZD": [
    0.05514101758626591
  ],
  "GBPCAD": [
    0.12543746453318322
  ],
  "GBPAUD": [
    0.001496380718208115
  ],
  "GBPNZD": [
    -0.08754168122595135
  ],
  "GBPUSD": [
    0.0787185975123385
  ],
  "GBPJPY": [
    0.014015401450889111
  ],
  "NZDCHF": [
    0.4473697567043309
  ],
  "NZDCAD": [
    0.22941762683257447
  ],
  "NZDUSD": [
    0.16781516621955506
  ],
  "NZDJPY": [
    -0.05792992315106145
  ],
  "USDCHF": [
    0.023647453932726666
  ],
  "USDJPY": [
    -0.04833928255653139
  ],
  "USDCAD": [
    0.04777000537239981
  ],
  "AUDCAD": [
    0.21061114632498837
  ],
  "AUDUSD": [
    0.059808236756266855
  ],
  "AUDCHF": [
    0.38924592274731024
  ],
  "AUDJPY": [
    0.000969992001638472
  ],
  "AUDNZD": [
    -0.06961603091943472
  ],
  "CHFJPY": [
    0.0015576809246393968
  ],
  "CADJPY": [
    -0.08460119626580702
  ],
  "CADCHF": [
    0.0034451775358429193
  ]
}