{
  "_last_date": "2025-12-10",
  "EURJPY": [
    -0.14202442381403363,
    -0.12283193410943534,
    -0.01699906230979196,
    0.027966199283839224,
    0.12557371835296274,
    0.10638122864834886,
    -0.02138591709940463,
    -0.021934273948110112,
    -0.004935211638318151,
    -0.05428732802157758,
    -0.0915755937333788,
    -0.12996057314257542,
    -0.16505541145955469,
    -0.11021972658927161,
    -0.01041878012535737,
    0.07622160196970329,
    -0.0016450705461008553
  ],
  "EURCAD": [
    0.05776325759929053,
    0.050931044334855645,
    0.07329101501844443,
    0.11304207401149878,
    0.2670774276095931,
    0.17018422131401875,
    0.07329101501844443,
    0.07701767679904026,
    0.09689320629557432,
    0.07701767679904026,
    0.10310430926323864,
    0.19999751555881298,
    0.10993652252767354,
    0.09440876510850585,
    0.16397311834635445,
    0.16024645656575862,
    0.1391287064756972
  ],
  "EURNZD": [
    0.1267553125388259,
    0.09494221448985382,
    0.05716416055672844,
    0.040263452218216846,
    0.14266186156330088,
    0.026345221821792934,
    -0.05219336398658965,
    -0.0019883186280731727,
    0.0342984963340194,
    0.03330433702000489,
    0.07505902820925454,
    0.15558593264568824,
    0.10090717037405125,
    0.10587796694419002,
    0.17994283583943005,
    0.09096557723375162,
    -0.11383124145646065
  ],
  "GBPCHF": [
    -0.01771082877356356,
    -0.022371573187671214,
    -0.023303722070476186,
    0.0326252108986915,
    -0.1370258857744629,
    -0.12677224806344262,
    -0.07084331509427493,
    -0.1239758014149863,
    -0.23583366735334235,
    -0.20041200980619456,
    -0.19668341427491257,
    -0.30667698244763797,
    -0.20227630757184586,
    -0.2246478807594964,
    -0.21346209416567113,
    -0.21159779640004048,
    -0.1892262232123693
  ],
  "GBPAUD": [
    0.03094553585689511,
    0.011978917105905608,
    -0.06089282862162588,
    -0.013975403290212126,
    -0.02595432039609557,
    -0.053905126976519814,
    -0.05490337006868416,
    -0.01796837565884733,
    -0.004991215460777378,
    0.11479795559814569,
    0.22160996645904318,
    0.26104056859926866,
    0.23758185593356182,
    0.2256029388276562,
    0.22809854655806705,
    0.09333572911674534,
    -0.041926209870636374
  ],
  "GBPCAD": [
    0.11513104302207582,
    0.10752804961496772,
    0.10535576578436023,
    0.17215349357546486,
    0.19441940283917045,
    0.15640443580358174,
    0.1352246684551739,
    0.10752804961496772,
    0.12056175259858848,
    0.17649806123667983,
    0.2432957890277965,
    0.2541572081808218,
    0.22157295072174582,
    0.17378270644842952,
    0.20202239624629056,
    0.20365160911924315,
    0.20419468007689803
  ],
  "GBPNZD": [
    0.16817824286329064,
    0.14036582027090358,
    0.0690964873779299,
    0.08387183688013128,
    0.0599705362148038,
    -0.004780260133077077,
    -0.003911121927059554,
    0.01347164219317511,
    0.04562975581561117,
    0.11863736512060061,
    0.2003363564857267,
    0.2003363564857267,
    0.19946721827970915,
    0.16817824286329064,
    0.18903755980757608,
    0.10516572292742551,
    -0.07561502392304202
  ],
  "GBPUSD": [
    0.06843340151606052,
    0.07068944771988486,
    0.09324990975814491,
    0.16845144988569513,
    0.17521958849716815,
    0.09926603296835426,
    0.10077006377089827,
    0.09851401756707392,
    0.13686680303212104,
    0.19025989652267486,
    0.237636866803036,
    0.16694741908313443,
    0.2692215136565934,
    0.3203585609433229,
    0.2977980989050628,
    0.362471423414755,
    0.6550054145108888
  ],
  "GBPJPY": [
    -0.08055158657857442,
    -0.06616737468954327,
    0.020137896644643605,
    0.09157948236014905,
    0.05274211025977178,
    0.09301790354905898,
    0.04507053058562637,
    0.008630527133418687,
    0.020137896644643605,
    0.042673161937456794,
    0.05657790009685129,
    -0.07575684928223524,
    -0.051783162800512116,
    -0.03164526615586852,
    0.03452210853366112,
    0.11555316884187218,
    0.06137263739319046
  ],
  "NZDCHF": [
    -0.15448654679654947,
    -0.13088443548041012,
    -0.060078101531980205,
    -0.023602111316139335,
    -0.167360425696251,
    -0.08797150581469466,
    -0.03862163669912844,
    -0.10942797064754643,
    -0.2446036990945317,
    -0.28751662876023526,
    -0.3604686091919408,
    -0.47204222632278675,
    -0.36905119512509105,
    -0.36905119512509105,
    -0.4076728318242195,
    -0.3175556795262373,
    -0.12015620306397234
  ],
  "NZDCAD": [
    -0.048740251949610264,
    -0.024995000999797286,
    0.04749050189962595,
    0.09248150369925551,
    0.14122175564886577,
    0.16746650669866125,
    0.14622075584883076,
    0.09498100379923802,
    0.07873425314937256,
    0.05748850229954209,
    0.046240751849627754,
    0.06248750249950709,
    0.02749450109977979,
    0.0024995000999825036,
    0.0012497500499981894,
    0.09498100379923802,
    0.2736952609478136
  ],
  "NZDUSD": [
    -0.10037554297975425,
    -0.058840835539865875,
    0.025959192149956654,
    0.08826125330979881,
    0.13498779917969003,
    0.1055673814097571,
    0.1090286070297526,
    0.09172247892979431,
    0.10210615578978083,
    0.07441635082983603,
    0.036342869009923943,
    -0.032881643389909225,
    0.07441635082983603,
    0.15921637851963932,
    0.1124898326497481,
    0.26132253430940094,
    0.7441635082983026
  ],
  "NZDJPY": [
    -0.2482731225034852,
    -0.194204753602721,
    -0.04634431620065057,
    0.013241233200185878,
    0.016551541500232348,
    0.10592986560147134,
    0.05296493280074351,
    -0.0022068722000414334,
    -0.013241233200185878,
    -0.06289585770088292,
    -0.13241233200185878,
    -0.26482466400371757,
    -0.23613532540330437,
    -0.19310131750271595,
    -0.1798600843025301,
    -0.004413744400067186,
    0.12579171540175016
  ],
  "USDCHF": [
    -0.06446893713039784,
    -0.07314744789793816,
    -0.09298404393806375,
    -0.11282063997818935,
    -0.29382957884426825,
    -0.20208532215872008,
    -0.1450551085433745,
    -0.19216702413866416,
    -0.35829851597466605,
    -0.37193617575224125,
    -0.405410431569942,
    -0.44260404914517576,
    -0.4599610706802701,
    -0.5231902205581525,
    -0.48723639023543425,
    -0.561623625385888,
    -0.8331370336850269
  ],
  "USDJPY": [
    -0.14664813374309146,
    -0.13772172560220086,
    -0.06758566163811994,
    -0.07459926803452621,
    -0.12114411048342731,
    -0.0006376005814947749,
    -0.05037044593785162,
    -0.08671367908287257,
    -0.11476810466851581,
    -0.14346013083563572,
    -0.17725296165469567,
    -0.23718741631491455,
    -0.3188002907458652,
    -0.34940511865746937,
    -0.2582282355041515,
    -0.2473890256187947,
    -0.586592534972384
  ],
  "USDCAD": [
    0.050551736091061374,
    0.03899705355595246,
    0.018776359119543954,
    0.008666011901331677,
    0.021665029753305143,
    0.06427292160148314,
    0.04838523311571642,
    0.023109365070201775,
    -0.010110347218212273,
    -0.010832514876644554,
    0.02238719741175346,
    0.11193598705875125,
    -0.03610838292217523,
    -0.13865619042116253,
    -0.08521578369633998,
    -0.16465422612514155,
    -0.43763360101680876
  ],
  "EURUSD": [
    0.004300150505276759,
    0.011180391313692839,
    0.055901956568483284,
    0.10406364222749133,
    0.24252848849710124,
    0.10750376263168981,
    0.030101053536880022,
    0.06364222747795854,
    0.11008385293484824,
    0.08686304020640338,
    0.08514298000430415,
    0.10578370242959058,
    0.15394538808857952,
    0.23822833799182452,
    0.2537088798107941,
    0.3173511072887526,
    0.5899806493227339
  ],