{
  "_last_date": "2025-12-08",
  "EURGBP": [
    -0.025178624296178658,
    -0.008008589792390611,
    0.10872990860384495,
    0.15107174577707197,
    0.07553587288853598,
    0.11903056498076983,
    0.07325062793074139,
    0.10071449718471463,
    0.11559246510396842,
    0.08240525101539914,
    0.032048002423041816,
    -0.07324380630400171
  ],
  "EURJPY": [
    0.05757124853833232,
    0.13397247697276773,
    0.2219977755449501,
    0.257985085709777,
    0.26518254774274247,
    0.28068412383486857,
    0.25522267950698396,
    0.3055964660123509,
    0.36040530834789014,
    0.34047712415098247,
    0.4091317884020502,
    0.34103467402677556
  ],
  "EURAUD": [
    0.008551267157764083,
    0.019957488374559098,
    0.08096513761218439,
    0.12202209598491498,
    0.09693248781376455,
    0.09237135882897941,
    0.09180036801717323,
    0.1305801606523434,
    0.08210711923579678,
    0.052456382079861225,
    0.07982995349823639,
    0.09978744187279548
  ],
  "EURUSD": [
    0.0699420417366215,
    0.08160757613014724,
    0.11662464516053771,
    0.15167241296564796,
    0.046621205874476594,
    0.058276507343095744,
    0.058276507343095744,
    0.03495567148095084,
    0.058276507343095744,
    0.058276507343095744,
    0.011645068543712549,
    -0.16282630111384364
  ],
  "EURCHF": [
    0.03098280237983069,
    0.020298638303925247,
    0.06409861725395717,
    0.06409861725395717,
    0.06409861725395717,
    0.07050402193832003,
    0.08011849616633983,
    0.13994472123022994,
    0.2724016135252603,
    0.2798830752589843,
    0.23181070411888532,
    0.31727128232317786
  ],
  "EURCAD": [
    0.07455302255995497,
    0.07020545408760313,
    0.1279903420284703,
    0.15283888074182703,
    0.030447792146232354,
    0.05157090165755677,
    0.03230680353730614,
    0.04908234457627872,
    -0.07330874401931595,
    -0.08884741293753426,
    -0.045356915374246395,
    -0.14041090817520627
  ],
  "GBPCHF": [
    0.03639239344460735,
    0.011192524550680217,
    -0.05693056473740624,
    -0.10173404024992039,
    -0.021472735967010756,
    -0.06533052103538195,
    -0.0018691293484237345,
    0.02239617487129153,
    0.14372269596986786,
    0.18385334811132267,
    0.18478791278553455,
    0.3779869076389759
  ],
  "EURNZD": [
    0.05514101758626591,
    0.05663323584568805,
    0.15398271276989461,
    0.1723630519653166,
    0.09885353818568762,
    0.026824399663421882,
    0.04818917537768814,
    0.09636650775331737,
    0.013903684417155535,
    0.006951842208577768,
    0.03973327190762932,
    0.13958162226626503
  ],
  "GBPCAD": [
    0.12543746453318322,
    0.10426256921976823,
    0.05267506058246952,
    0.03474987405760063,
    -0.023349999203756612,
    -0.04778755035268403,
    -0.012493900322497992,
    -0.021725144809483555,
    -0.16345646794977944,
    -0.14065024471860824,
    -0.05267506058246952,
    -0.038012529893113066
  ],
  "GBPAUD": [
    0.001496380718208115,
    -0.004489142154624345,
    -0.05429724320355161,
    -0.060270890038937965,
    -0.007968821126330518,
    -0.05329965605807952,
    -0.008966408271802593,
    -0.0009975871454720767,
    -0.06226606432988212,
    -0.05729000463996783,
    0.023407669806255513,
    0.14246494520336941
  ],
  "GBPNZD": [
    -0.08754168122595135,
    -0.10227488521842233,
    -0.11050936178363929,
    -0.1378060833461276,
    -0.13520245963918323,
    -0.25524810984151164,
    -0.1859111308839571,
    -0.17117792689148614,
    -0.2695473765494919,
    -0.2426742604313874,
    -0.1512374754851264,
    0.05460377496508354
  ],
  "GBPUSD": [
    0.0787185975123385,
    0.06803261273132698,
    -0.01466528455302001,
    -0.01999486357350777,
    -0.049298605939511776,
    -0.06527840075429639,
    -0.051963395449755666,
    -0.08523749534108947,
    -0.08258164807752427,
    -0.09588771113538633,
    -0.034642263633170446,
    -0.11051722670169166
  ],
  "GBPJPY": [
    0.014015401450889111,
    0.07154493614324921,
    0.04254043166698816,
    0.03915460573753653,
    0.11940384383449582,
    0.09039933935823477,
    0.11505169285764077,
    0.13487242112002973,
    0.1759670534794525,
    0.19095615650482442,
    0.30842735024451345,
    0.34710248172188796
  ],
  "NZDCHF": [
    0.4473697567043309,
    0.4473697567043309,
    0.39334298446775384,
    0.37172712280514625,
    0.44521203511405266,
    0.5186905064629881,
    0.5122109007321826,
    0.5208546690132372,
    0.7434606865702635,
    0.7542686174015674,
    0.6721399368116063,
    0.6591742843900243
  ],
  "NZDCAD": [
    0.22941762683257447,
    0.22690698218495875,
    0.1918102622151642,
    0.1880442952437406,
    0.147933758135404,
    0.2306729491563823,
    0.2005825741684405,
    0.17049219918049868,
    0.1341401568868963,
    0.12536784493362,
    0.1341401568868963,
    -0.06643494512485487
  ],
  "NZDUSD": [
    0.16781516621955506,
    0.1852002602914856,
    0.10988204858519898,
    0.12724650753063463,
    0.11567020156701088,
    0.19679720138160425,
    0.16201669567449573,
    0.09250727207651586,
    0.20840446003497032,
    0.19099873083654495,
    0.12145835454882277,
    -0.14422921663591518
  ],
  "NZDJPY": [
    -0.05792992315106145,
    0.012255714375562004,
    0.004462031932850244,
    0.02339804554502233,
    0.1047175151326626,
    0.1949525494775598,
    0.14593819108375533,
    0.147051574289857,
    0.28630096702855873,
    0.27404525265299673,
    0.3119172798773409,
    0.13702262632649836
  ],
  "USDCHF": [
    0.023647453932726666,
    0.008711048295268625,
    0.00995760375830536,
    -0.012450714684378835,
    0.08589360738162657,
    0.06473184440197911,
    0.09834432206600541,
    0.16930152381017394,
    0.28631449792975333,
    0.3174412846407004,
    0.2825822515136374,
    0.5415170490945481
  ],
  "USDJPY": [
    -0.04833928255653139,
    0.02448928048133533,
    0.07218928463172744,
    0.0812080276844923,
    0.1894919546320835,
    0.17918481971463793,
    0.17853570625609652,
    0.23976874251183697,
    0.2784401685570621,
    0.2752241064215614,
    0.36094642315863723,
    0.4692303501062284
  ],
  "USDCAD": [
    0.04777000537239981,
    0.021719129971519206,
    0.06079975756031955,
    0.05935871874218539,
    0.034024048262892424,
    0.02895021098706672,
    0.014479419981012803,
    0.06369909314650567,
    -0.07455434364478583,
    -0.07238847093010513,
    -0.014479419981012803,
    0.06731463365427943
  ],
  "AUDCAD": [
    0.21061114632498837,
    0.19533240689579137,
    0.18988175400448995,
    0.18006017182565326,
    0.07420823250221717,
    0.004364424928476442,
    0.08730150728764649,
    0.06984380757374073,
    -0.0021789602847088045,
    0.006549889572244079,
    0.01527873942919696,
    -0.08620877496576268
  ],
  "AUDUSD": [
    0.059808236756266855,
    0.07311590593999436,
    0.026570470973039183,
    0.03321981882546135,
    -0.046473647135889876,
    -0.01993009659950018,
    -0.03984224624123404,
    -0.09291140035624712,
    -0.01993009659950018,
    -0.013289722225961172,
    -0.07301719767227959,
    -0.25177787050372624
  ],
  "AUDCHF": [
    0.38924592274731024,
    0.3666840280054422,
    0.3422391733447297,
    0.3065077672657057,
    0.33283558184526263,
    0.2087283486228558,
    0.3516427648441968,
    0.37984233124784317,
    0.5584881535482082,
    0.5923365997083878,
    0.5152361158885616,
    0.5810500482900762
  ],
  "AUDJPY": [
    0.000969992001638472,
    0.06599647870689848,
    0.09511104779424559,
    0.08637371526040287,
    0.11839826035266539,
    0.13975289342690475,
    0.11937565687340035,
    0.1319855528947005,
    0.2348639412211503,
    0.24069129775007764,
    0.28145317537618286,
    0.1941020635950451
  ],