{
  "_last_date": "2025-12-06",
  "EURAUD": [
    -0.5413358529426965,
    -0.5413358529426965,
    -0.5413358529426965,
    -0.5413358529426965,
    -0.5413358529426965,
    -0.5413358529426965,
    -0.5413358529426965,
    -0.5413358529426965,
    -0.5413358529426965,
    -0.5413358529426965,
    -0.5413358529426965,
    -0.5413358529426965,
    -0.5413358529426965,
    -0.5413358529426965,
    -0.5413358529426965,
    -0.5413358529426965,
    -0.5413358529426965
  ],
  "EURCHF": [
    0.07480677888023221,
    0.07480677888023221,
    0.07480677888023221,
    0.07480677888023221,
    0.07480677888023221,
    0.07480677888023221,
    0.07480677888023221,
    0.07480677888023221,
    0.07480677888023221,
    0.07480677888023221,
    0.07480677888023221,
    0.07480677888023221,
    0.07480677888023221,
    0.07480677888023221,
    0.07480677888023221,
    0.07480677888023221,
    0.07480677888023221
  ],
  "EURGBP": [
    -0.07323721375301843,
    -0.07323721375301843,
    -0.07323721375301843,
    -0.07323721375301843,
    -0.07323721375301843,
    -0.07323721375301843,
    -0.07323721375301843,
    -0.07323721375301843,
    -0.07323721375301843,
    -0.07323721375301843,
    -0.07323721375301843,
    -0.07323721375301843,
    -0.07323721375301843,
    -0.07323721375301843,
    -0.07323721375301843,
    -0.07323721375301843,
    -0.07323721375301843
  ],
  "EURJPY": [
    0.13675847685848366,
    0.13675847685848366,
    0.13675847685848366,
    0.13675847685848366,
    0.13675847685848366,
    0.13675847685848366,
    0.13675847685848366,
    0.13675847685848366,
    0.13675847685848366,
    0.13675847685848366,
    0.13675847685848366,
    0.13675847685848366,
    0.13675847685848366,
    0.13675847685848366,
    0.13675847685848366,
    0.13675847685848366,
    0.13675847685848366
  ],
  "EURUSD": [
    0.008159157000403146,
    0.008159157000403146,
    0.008159157000403146,
    0.008159157000403146,
    0.008159157000403146,
    0.008159157000403146,
    0.008159157000403146,
    0.008159157000403146,
    0.008159157000403146,
    0.008159157000403146,
    0.008159157000403146,
    0.008159157000403146,
    0.008159157000403146,
    0.008159157000403146,
    0.008159157000403146,
    0.008159157000403146,
    0.008159157000403146
  ],
  "EURCAD": [
    -1.0705593216062563,
    -1.0705593216062563,
    -1.0705593216062563,
    -1.0705593216062563,
    -1.0705593216062563,
    -1.0705593216062563,
    -1.0705593216062563,
    -1.0705593216062563,
    -1.0705593216062563,
    -1.0705593216062563,
    -1.0705593216062563,
    -1.0705593216062563,
    -1.0705593216062563,
    -1.0705593216062563,
    -1.0705593216062563,
    -1.0705593216062563,
    -1.0705593216062563
  ],
  "EURNZD": [
    -0.3072156942671313,
    -0.3072156942671313,
    -0.3072156942671313,
    -0.3072156942671313,
    -0.3072156942671313,
    -0.3072156942671313,
    -0.3072156942671313,
    -0.3072156942671313,
    -0.3072156942671313,
    -0.3072156942671313,
    -0.3072156942671313,
    -0.3072156942671313,
    -0.3072156942671313,
    -0.3072156942671313,
    -0.3072156942671313,
    -0.3072156942671313,
    -0.3072156942671313
  ],
  "GBPCHF": [
    0.16065819420813238,
    0.16065819420813238,
    0.16065819420813238,
    0.16065819420813238,
    0.16065819420813238,
    0.16065819420813238,
    0.16065819420813238,
    0.16065819420813238,
    0.16065819420813238,
    0.16065819420813238,
    0.16065819420813238,
    0.16065819420813238,
    0.16065819420813238,
    0.16065819420813238,
    0.16065819420813238,
    0.16065819420813238,
    0.16065819420813238
  ],
  "GBPCAD": [
    0.0,
    0.0,
    0.0,
    0.0,
    0.0,
    0.0,
    0.0,
    0.0,
    0.0,
    0.0,
    0.0,
    0.0,
    0.0,
    0.0,
    0.0,
    0.0,
    0.0
  ],
  "GBPAUD": [
    0.0,
    0.0,
    0.0,
    0.0,
    0.0,
    0.0,
    0.0,
    0.0,
    0.0,
    0.0,
    0.0,
    0.0,
    0.0,
    0.0,
    0.0,
    0.0,
    0.0
  ],
  "GBPNZD": [
    0.0,
    0.0,
    0.0,
    0.0,
    0.0,
    0.0,
    0.0,
    0.0,
    0.0,
    0.0,
    0.0,
    0.0,
    0.0,
    0.0,
    0.0,
    0.0,
    0.0
  ],
  "GBPUSD": [
    0.04799178878745757,
    0.04799178878745757,
    0.04799178878745757,
    0.04799178878745757,
    0.04799178878745757,
    0.04799178878745757,
    0.04799178878745757,
    0.04799178878745757,
    0.04799178878745757,
    0.04799178878745757,
    0.04799178878745757,
    0.04799178878745757,
    0.04799178878745757,
    0.006670916022288371,
    0.006670916022288371,
    0.006670916022288371,
    0.006670916022288371
  ],
  "GBPJPY": [
    0.21438243010714098,
    0.21438243010714098,
    0.21438243010714098,
    0.21438243010714098,
    0.21438243010714098,
    0.21438243010714098,
    0.21438243010714098,
    0.21438243010714098,
    0.21438243010714098,
    0.21438243010714098,
    0.21438243010714098,
    0.21438243010714098,
    0.21438243010714098,
    0.21438243010714098,
    0.21438243010714098,
    0.21438243010714098,
    0.21438243010714098
  ],
  "NZDCHF": [
    0.0,
    0.0,
    0.0,
    0.0,
    0.0,
    0.0,
    0.0,
    0.0,
    0.0,
    0.0,
    0.0,
    0.0,
    0.0,
    0.0,
    0.0,
    0.0,
    0.0
  ],
  "NZDCAD": [
    0.0,
    0.0,
    0.0,
    0.0,
    0.0,
    0.0,
    0.0,
    0.0,
    0.0,
    0.0,
    0.0,
    0.0,
    0.0,
    0.0,
    0.0,
    0.0,
    0.0
  ],
  "NZDUSD": [
    0.0,
    0.0,
    0.0,
    0.0,
    0.0,
    0.0,
    0.0,
    0.0,
    0.0,
    0.0,
    0.0,
    0.0,
    0.0,
    0.0,
    0.0,
    0.0,
    0.0
  ],
  "NZDJPY": [
    0.43883515146431984,
    0.43883515146431984,
    0.43883515146431984,
    0.43883515146431984,
    0.43883515146431984,
    0.43883515146431984,
    0.43883515146431984,
    0.43883515146431984,
    0.43883515146431984,
    0.43883515146431984,
    0.43883515146431984,
    0.43883515146431984,
    0.43883515146431984,
    0.43883515146431984,
    0.43883515146431984,
    0.43883515146431984,
    0.43883515146431984
  ],
  "USDCHF": [
    0.1182139093224106,
    0.1182139093224106,
    0.1182139093224106,
    0.1182139093224106,
    0.1182139093224106,
    0.1182139093224106,
    0.1182139093224106,
    0.1182139093224106,
    0.1182139093224106,
    0.1182139093224106,
    0.1182139093224106,
    0.1182139093224106,
    0.1182139093224106,
    0.1182139093224106,
    0.1182139093224106,
    0.1182139093224106,
    0.1182139093224106
  ],
  "USDJPY": [
    0.12700736318055558,
    0.12700736318055558,
    0.12700736318055558,
    0.12700736318055558,
    0.12700736318055558,
    0.12700736318055558,
    0.12700736318055558,
    0.12700736318055558,
    0.12700736318055558,
    0.12700736318055558,
    0.12700736318055558,
    0.12700736318055558,
    0.12700736318055558,
    0.12700736318055558,
    0.12700736318055558,
    0.12700736318055558,
    0.12700736318055558
  ],
  "USDCAD": [
    0.0,
    0.0,
    0.0,
    0.0,
    0.0,
    0.0,
    0.0,
    0.0,
    0.0,
    0.0,
    0.0,
    0.0,
    0.0,
    0.0,
    0.0,
    0.0,
    0.0
  ],
  "AUDCHF": [
    0.0,
    0.0,
    0.0,
    0.0,
    0.0,
    0.0,
    0.0,
    0.0,
    0.0,
    0.0,
    0.0,
    0.0,
    0.0,
    0.0,
    0.0,
    0.0,
    0.0
  ],
  "AUDCAD": [
    0.0,
    0.0,
    0.0,
    0.0,
    0.0,
    0.0,
    0.0,
    0.0,
    0.0,
    0.0,
    0.0,
    0.0,
    0.0,
    0.0,
    0.0,
    0.0,
    0.0
  ],
  "AUDUSD": [
    0.0,
    0.0,
    0.0,
    0.0,
    0.0,
    0.0,
    0.0,
    0.0,
    0.0,
    0.0,
    0.0,
    0.0,
    0.0,
    0.0,
    0.0,
    0.0,
    0.0
  ],
  "AUDJPY": [
    0.6587066555326178,
    0.6587066555326178,
    0.6587066555326178,
    0.6587066555326178,
    0.6587066555326178,
    0.6587066555326178,
    0.6587066555326178,
    0.6587066555326178,
    0.6587066555326178,
    0.6587066555326178,
    0.6587066555326178,
    0.6587066555326178,
    0.6587066555326178,
    0.6587066555326178,
    0.6587066555326178,
    0.6587066555326178,
    0.6587066555326178
  ],