{
  "_last_date": "2025-12-08",
  "EURGBP": [
    -0.025178624296178658,
    -0.008008589792390611,
    0.10872990860384495,
    0.15107174577707197,
    0.07553587288853598,
    0.11903056498076983,
    0.07325062793074139
  ],
  "EURJPY": [
    0.05757124853833232,
    0.13397247697276773,
    0.2219977755449501,
    0.257985085709777,
    0.26518254774274247,
    0.28068412383486857,
    0.25522267950698396
  ],
  "EURAUD": [
    0.008551267157764083,
    0.019957488374559098,
    0.08096513761218439,
    0.12202209598491498,
    0.09693248781376455,
    0.09237135882897941,
    0.09180036801717323
  ],
  "EURUSD": [
    0.0699420417366215,
    0.08160757613014724,
    0.11662464516053771,
    0.15167241296564796,
    0.046621205874476594,
    0.058276507343095744,
    0.058276507343095744
  ],
  "EURCHF": [
    0.03098280237983069,
    0.020298638303925247,
    0.06409861725395717,
    0.06409861725395717,
    0.06409861725395717,
    0.07050402193832003,
    0.08011849616633983
  ],
  "EURCAD": [
    0.07455302255995497,
    0.07020545408760313,
    0.1279903420284703,
    0.15283888074182703,
    0.030447792146232354,
    0.05157090165755677,
    0.03230680353730614
  ],
  "GBPCHF": [
    0.03639239344460735,
    0.011192524550680217,
    -0.05693056473740624,
    -0.10173404024992039,
    -0.021472735967010756,
    -0.06533052103538195,
    -0.0018691293484237345
  ],
  "EURNZD": [
    0.05514101758626591,
    0.05663323584568805,
    0.15398271276989461,
    0.1723630519653166,
    0.09885353818568762,
    0.026824399663421882,
    0.04818917537768814
  ],
  "GBPCAD": [
    0.12543746453318322,
    0.10426256921976823,
    0.05267506058246952,
    0.03474987405760063,
    -0.023349999203756612,
    -0.04778755035268403,
    -0.012493900322497992
  ],
  "GBPAUD": [
    0.001496380718208115,
    -0.004489142154624345,
    -0.05429724320355161,
    -0.060270890038937965,
    -0.007968821126330518,
    -0.05329965605807952,
    -0.008966408271802593
  ],
  "GBPNZD": [
    -0.08754168122595135,
    -0.10227488521842233,
    -0.11050936178363929,
    -0.1378060833461276,
    -0.13520245963918323,
    -0.25524810984151164,
    -0.1859111308839571
  ],
  "GBPUSD": [
    0.0787185975123385,
    0.06803261273132698,
    -0.01466528455302001,
    -0.01999486357350777,
    -0.049298605939511776,
    -0.06527840075429639,
    -0.051963395449755666
  ],
  "GBPJPY": [
    0.014015401450889111,
    0.07154493614324921,
    0.04254043166698816,
    0.03915460573753653,
    0.11940384383449582,
    0.09039933935823477,
    0.11505169285764077
  ],
  "NZDCHF": [
    0.4473697567043309,
    0.4473697567043309,
    0.39334298446775384,
    0.37172712280514625,
    0.44521203511405266,
    0.5186905064629881,
    0.5122109007321826
  ],
  "NZDCAD": [
    0.22941762683257447,
    0.22690698218495875,
    0.1918102622151642,
    0.1880442952437406,
    0.147933758135404,
    0.2306729491563823,
    0.2005825741684405
  ],
  "NZDUSD": [
    0.16781516621955506,
    0.1852002602914856,
    0.10988204858519898,
    0.12724650753063463,
    0.11567020156701088,
    0.19679720138160425,
    0.16201669567449573
  ],
  "NZDJPY": [
    -0.05792992315106145,
    0.012255714375562004,
    0.004462031932850244,
    0.02339804554502233,
    0.1047175151326626,
    0.1949525494775598,
    0.14593819108375533
  ],
  "USDCHF": [
    0.023647453932726666,
    0.008711048295268625,
    0.00995760375830536,
    -0.012450714684378835,
    0.08589360738162657,
    0.06473184440197911,
    0.09834432206600541
  ],
  "USDJPY": [
    -0.04833928255653139,
    0.02448928048133533,
    0.07218928463172744,
    0.0812080276844923,
    0.1894919546320835,
    0.17918481971463793,
    0.17853570625609652
  ],
  "USDCAD": [
    0.04777000537239981,
    0.021719129971519206,
    0.06079975756031955,
    0.05935871874218539,
    0.034024048262892424,
    0.02895021098706672,
    0.014479419981012803
  ],
  "AUDCAD": [
    0.21061114632498837,
    0.19533240689579137,
    0.18988175400448995,
    0.18006017182565326,
    0.07420823250221717,
    0.004364424928476442,
    0.08730150728764649
  ],
  "AUDUSD": [
    0.059808236756266855,
    0.07311590593999436,
    0.026570470973039183,
    0.03321981882546135,
    -0.046473647135889876,
    -0.01993009659950018,
    -0.03984224624123404
  ],
  "AUDCHF": [
    0.38924592274731024,
    0.3666840280054422,
    0.3422391733447297,
    0.3065077672657057,
    0.33283558184526263,
    0.2087283486228558,
    0.3516427648441968
  ],
  "AUDJPY": [
    0.000969992001638472,
    0.06599647870689848,
    0.09511104779424559,
    0.08637371526040287,
    0.11839826035266539,
    0.13975289342690475,
    0.11937565687340035
  ],
  "AUDNZD": [
    -0.06961603091943472,
    -0.07657659666923962,
    -0.03655593696320786,
    -0.061784097773230996,
    -0.11226116623604865,
    -0.21493729111171025,
    -0.1548959281312769
  ],
  "CHFJPY": [
    0.0015576809246393968,
    0.09275713160885668,
    0.1342135838316199,
    0.1730765368499074,
    0.1782635352588589,
    0.18810776242218907,
    0.1513164459635743
  ],
  "CADJPY": [
    -0.08460119626580702,
    -0.009797215308006242,
    0.02048446889988822,
    0.030281684207894462,
    0.16563544521073795,
    0.15673506237198057,
    0.15138803848335303
  ],
  "CADCHF": [
    0.0034451775358429193,
    -0.008592436830465377,
    -0.03267791906765293,
    -0.0498832997377256,
    0.07225644671156266,
    -0.0619209141040339,
    0.09461934018082876
  ]
}