{
  "_last_date": "2025-12-08",
  "EURGBP": [
    -0.008008589792390611,
    0.10872990860384495,
    0.15107174577707197,
    0.07553587288853598,
    0.11903056498076983,
    0.07325062793074139,
    0.10071449718471463,
    0.11559246510396842,
    0.08240525101539914,
    0.032048002423041816,
    -0.07324380630400171,
    -0.12932439973095505,
    -0.09499115235011862,
    -0.08354446268092659,
    -0.048065182007823046,
    -0.04234183717322702,
    -0.04348787046549416,
    -0.02975593583850754,
    0.014884530393061916,
    0.014884530393061916,
    -0.006869547296827298
  ],
  "EURJPY": [
    0.13397247697276773,
    0.2219977755449501,
    0.257985085709777,
    0.26518254774274247,
    0.28068412383486857,
    0.25522267950698396,
    0.3055964660123509,
    0.36040530834789014,
    0.34047712415098247,
    0.4091317884020502,
    0.34103467402677556,
    0.350994542262534,
    0.28345497776305245,
    0.27127335774951244,
    0.35432294606651094,
    0.37535778228961403,
    0.45175901072404945,
    0.4484390546454633,
    0.06309567296516694,
    0.06309567296516694,
    0.019297887708346385
  ],
  "EURAUD": [
    0.019957488374559098,
    0.08096513761218439,
    0.12202209598491498,
    0.09693248781376455,
    0.09237135882897941,
    0.09180036801717323,
    0.1305801606523434,
    0.08210711923579678,
    0.052456382079861225,
    0.07982995349823639,
    0.09978744187279548,
    0.11062267227778431,
    0.1254480408557521,
    0.10035843268460166,
    0.17733343212380712,
    0.22010336293195623,
    0.21268727988814018,
    0.17391428476263437,
    0.006840335176430486,
    0.006840335176430486,
    -0.030726686126900354
  ],
  "EURUSD": [
    0.08160757613014724,
    0.11662464516053771,
    0.15167241296564796,
    0.046621205874476594,
    0.058276507343095744,
    0.058276507343095744,
    0.03495567148095084,
    0.058276507343095744,
    0.058276507343095744,
    0.011645068543712549,
    -0.16282630111384364,
    -0.15122216426975751,
    -0.18605504065182912,
    -0.18605504065182912,
    -0.046580274174850195,
    -0.06986017833736868,
    -0.058215109793656135,
    -0.08148478103126802,
    0.004295495743172784,
    0.004295495743172784,
    0.010313531353126544
  ],
  "EURCHF": [
    0.020298638303925247,
    0.06409861725395717,
    0.06409861725395717,
    0.06409861725395717,
    0.07050402193832003,
    0.08011849616633983,
    0.13994472123022994,
    0.2724016135252603,
    0.2798830752589843,
    0.23181070411888532,
    0.31727128232317786,
    0.2937699416770712,
    0.2788133854110987,
    0.28628847994334716,
    0.27561068306891723,
    0.2884278596391185,
    0.30445410575297666,
    0.3076568080951581,
    0.05660337057052251,
    0.05660337057052251,
    0.006391137622503196
  ],
  "EURCAD": [
    0.07020545408760313,
    0.1279903420284703,
    0.15283888074182703,
    0.030447792146232354,
    0.05157090165755677,
    0.03230680353730614,
    0.04908234457627872,
    -0.07330874401931595,
    -0.08884741293753426,
    -0.045356915374246395,
    -0.14041090817520627,
    0.005591847012990861,
    0.02547067798367625,
    0.010561554755662209,
    0.14476588306744287,
    0.1509724629308685,
    0.15780858848449836,
    0.16402257476780874,
    0.017389900194384054,
    0.017389900194384054,
    0.013647727343214717
  ],
  "GBPCHF": [
    0.011192524550680217,
    -0.05693056473740624,
    -0.10173404024992039,
    -0.021472735967010756,
    -0.06533052103538195,
    -0.0018691293484237345,
    0.02239617487129153,
    0.14372269596986786,
    0.18385334811132267,
    0.18478791278553455,
    0.3779869076389759,
    0.4069139094598194,
    0.3583833010203889,
    0.357448736346177,
    0.3098526925809583,
    0.3107872572551702,
    0.3322488674522499,
    0.3294562991995454,
    0.06251107938908673,
    0.06251107938908673,
    -0.02046130952379901
  ],
  "EURNZD": [
    0.05663323584568805,
    0.15398271276989461,
    0.1723630519653166,
    0.09885353818568762,
    0.026824399663421882,
    0.04818917537768814,
    0.09636650775331737,
    0.013903684417155535,
    0.006951842208577768,
    0.03973327190762932,
    0.13958162226626503,
    0.12269350133026521,
    0.06904470200342144,
    0.04222030233999956,
    0.09288466514799903,
    0.15101011925310923,
    0.13014274962531702,
    0.0789809807308435,
    0.07546345483612456,
    0.07546345483612456,
    0.04666865256677295
  ],
  "GBPCAD": [
    0.10426256921976823,
    0.05267506058246952,
    0.03474987405760063,
    -0.023349999203756612,
    -0.04778755035268403,
    -0.012493900322497992,
    -0.021725144809483555,
    -0.16345646794977944,
    -0.14065024471860824,
    -0.05267506058246952,
    -0.038012529893113066,
    0.16291269197719402,
    0.15313767151762306,
    0.12543746453318322,
    0.21993148681686364,
    0.2204687892659659,
    0.2335064655610493,
    0.22481899704664912,
    0.010849811484524262,
    0.010849811484524262,
    0.015711855407593893
  ],
  "GBPAUD": [
    -0.004489142154624345,
    -0.05429724320355161,
    -0.060270890038937965,
    -0.007968821126330518,
    -0.05329965605807952,
    -0.008966408271802593,
    -0.0009975871454720767,
    -0.06226606432988212,
    -0.05729000463996783,
    0.023407669806255513,
    0.14246494520336941,
    0.2092082756504298,
    0.19426822054324083,
    0.15690620673782235,
    0.19576460126144893,
    0.2326159454566853,
    0.22614350504856293,
    0.1718462618450113,
    -0.002489419965164429,
    -0.002489419965164429,
    -0.026339722786838063
  ],
  "GBPNZD": [
    -0.10227488521842233,
    -0.11050936178363929,
    -0.1378060833461276,
    -0.13520245963918323,
    -0.25524810984151164,
    -0.1859111308839571,
    -0.17117792689148614,
    -0.2695473765494919,
    -0.2426742604313874,
    -0.1512374754851264,
    0.05460377496508354,
    0.08753134938584443,
    0.0026036237069443813,
    -0.033805780829849266,
    -0.02383555512666939,
    0.023401617842178663,
    0.0017357491379629206,
    -0.055471649534065005,
    0.0633081546106652,
    0.0633081546106652,
    0.0676466762065828
  ],
  "GBPUSD": [
    0.06803261273132698,
    -0.01466528455302001,
    -0.01999486357350777,
    -0.049298605939511776,
    -0.06527840075429639,
    -0.051963395449755666,
    -0.08523749534108947,
    -0.08258164807752427,
    -0.09588771113538633,
    -0.034642263633170446,
    -0.11051722670169166,
    -0.04263663216390208,
    -0.10919377419324838,
    -0.12249089500443178,
    -0.0066619737756097,
    -0.0466338164292679,
    -0.02931268461268268,
    -0.07326382703834936,
    -0.007503676801631973,
    -0.007503676801631973,
    0.018015718714579815
  ],
  "GBPJPY": [
    0.07154493614324921,
    0.04254043166698816,
    0.03915460573753653,
    0.11940384383449582,
    0.09039933935823477,
    0.11505169285764077,
    0.13487242112002973,
    0.1759670534794525,
    0.19095615650482442,
    0.30842735024451345,
    0.34710248172188796,
    0.4118757660062339,
    0.30890682450467544,
    0.2847413217925109,
    0.3311470536491126,
    0.34564930588724313,
    0.42541169319696104,
    0.4084973166038616,
    0.05075823129316976,
    0.05075823129316976,
    0.017336697936933602
  ],
  "NZDCHF": [
    0.4473697567043309,
    0.39334298446775384,
    0.37172712280514625,
    0.44521203511405266,
    0.5186905064629881,
    0.5122109007321826,
    0.5208546690132372,
    0.7434606865702635,
    0.7542686174015674,
    0.6721399368116063,
    0.6591742843900243,
    0.6548524002494971,
    0.6872697517834374,
    0.7304950341486816,
    0.6570101218397753,
    0.6073052337437255,
    0.6505305161089697,
    0.7002354042050194,
    -0.002151601867592573,
    -0.002151601867592573,
    -0.09221135700806012
  ],