{
  "_last_date": "2025-12-07",
  "EURUSD": [
    0.008159157000403146,
    0.008159157000403146,
    0.008159157000403146,
    0.0,
    -0.046580274174850195,
    -0.046580274174850195,
    -0.046580274174850195
  ],
  "EURGBP": [
    -0.07323721375301843,
    -0.07323721375301843,
    -0.07323721375301843,
    0.08812859584999516,
    0.07325062793074139,
    0.07325062793074139,
    0.07325062793074139
  ],
  "EURJPY": [
    0.13675847685848366,
    0.13675847685848366,
    0.13675847685848366,
    0.09632941263134312,
    0.09632941263134312,
    0.13342337482236544,
    0.13342337482236544
  ],
  "EURAUD": [
    -0.5413358529426965,
    -0.5413358529426965,
    -0.5413358529426965,
    -0.025089608171150416,
    -0.07013670471685993,
    -0.0849620732948277,
    -0.0849620732948277
  ],
  "EURCHF": [
    0.07480677888023221,
    0.07480677888023221,
    0.07480677888023221,
    -0.042723921900670765,
    -0.042723921900670765,
    -0.042723921900670765,
    -0.042723921900670765
  ],
  "GBPCHF": [
    0.16065819420813238,
    0.16065819420813238,
    0.16065819420813238,
    -0.1745299529090662,
    -0.12132652109857632,
    -0.12132652109857632,
    -0.13719186902031588
  ],
  "EURCAD": [
    -1.0705593216062563,
    -1.0705593216062563,
    -1.0705593216062563,
    0.03479536061858419,
    0.055296330859589085,
    0.055296330859589085,
    0.04100934690189456
  ],
  "EURNZD": [
    -0.3072156942671313,
    -0.3072156942671313,
    -0.3072156942671313,
    0.06904470200342144,
    0.1818019246062646,
    0.1818019246062646,
    0.1818019246062646
  ],
  "GBPCAD": [
    0.0,
    0.0,
    0.0,
    0.028781285406127503,
    0.029325061378712904,
    0.029325061378712904,
    0.015206306661941858
  ],
  "GBPAUD": [
    0.0,
    0.0,
    0.0,
    -0.1125729589515454,
    -0.14296373877610546,
    -0.15790379388329442,
    -0.15790379388329442
  ],
  "GBPNZD": [
    0.0,
    -0.15557684833003368,
    -0.15557684833003368,
    -0.17420515604281434,
    -0.046803235684357326,
    -0.046803235684357326,
    -0.046803235684357326
  ],
  "GBPUSD": [
    0.006670916022288371,
    0.006670916022288371,
    0.006670916022288371,
    -0.10520553217456124,
    -0.04796621118438984,
    -0.04796621118438984,
    -0.04796621118438984
  ],
  "GBPJPY": [
    0.21438243010714098,
    0.21438243010714098,
    0.21438243010714098,
    -0.059949035574408324,
    -0.05221105866810165,
    -0.008217451166468668,
    -0.008217451166468668
  ],
  "NZDCHF": [
    0.0,
    0.0,
    -0.06484114402785174,
    0.043225282365244165,
    0.043225282365244165,
    0.24637960080991206,
    0.043225282365244165
  ],
  "NZDCAD": [
    0.0,
    0.15670607008868032,
    0.15670607008868032,
    0.2030932188160562,
    0.07647752371531771,
    0.07647752371531771,
    0.06142860014300214
  ],
  "USDCHF": [
    0.1182139093224106,
    0.1182139093224106,
    0.1182139093224106,
    0.037344724080142236,
    0.037344724080142236,
    0.037344724080142236,
    0.037344724080142236
  ],
  "NZDUSD": [
    0.0,
    0.1562182251294364,
    0.1562182251294364,
    0.06936497771251575,
    -0.0404242128034563,
    -0.0404242128034563,
    -0.0404242128034563
  ],
  "NZDJPY": [
    0.43883515146431984,
    0.43883515146431984,
    0.43883515146431984,
    -0.05124112480600785,
    -0.1637523223813822,
    -0.1269936783631397,
    -0.1269936783631397
  ],
  "USDJPY": [
    0.12700736318055558,
    0.12700736318055558,
    0.12700736318055558,
    0.030941074857140947,
    0.07282856303786672,
    0.07282856303786672,
    0.07282856303786672
  ],
  "USDCAD": [
    -0.014479419981012803,
    0.0,
    0.0,
    0.11581810189818466,
    0.10857839190767825,
    0.10857839190767825,
    0.09409897192666546
  ],
  "AUDCHF": [
    0.0,
    0.0,
    -0.05641034090204764,
    0.06769689232035918,
    0.31967727860286166,
    0.30087009560392747,
    0.3384732535070409
  ],
  "AUDUSD": [
    0.0,
    0.0,
    0.0,
    0.006640374373539005,
    0.05316786238272785,
    0.06645758460868902,
    0.06645758460868902
  ],
  "AUDCAD": [
    0.0,
    0.0,
    0.0,
    0.14186657543219025,
    0.21606830357534862,
    0.18769628936072233,
    0.17351028225340917
  ],
  "AUDJPY": [
    0.6587066555326178,
    0.6587066555326178,
    0.6587066555326178,
    0.049491805640851504,
    0.09511104779424559,
    0.14655024195747052,
    0.14655024195747052
  ],
  "AUDNZD": [
    0.0,
    -0.1548959281312769,
    -0.1548959281312769,
    -0.2636716247817303,
    -0.08354753584043022,
    0.11137942541826412,
    0.11137942541826412
  ],
  "CHFJPY": [
    0.034201005596549754,
    0.034201005596549754,
    0.034201005596549754,
    0.07203285900235992,
    0.07203285900235992,
    0.10882417546097471,
    0.10882417546097471
  ],
  "CADJPY": [
    1.1817506502488586,
    1.1817506502488586,
    1.1817506502488586,
    -0.08816134940130997,
    -0.07391394267392502,
    -0.03740199047890039,
    -0.023154583751515443
  ],
  "CADCHF": [
    1.0666562843743015,
    1.0666562843743015,
    1.0666562843743015,
    -0.1221294929447173,
    -0.17374563495493534,
    -0.15309507674901973,
    -0.19094076212043704
  ]
}