{
  "_last_date": "2025-12-08",
  "EURGBP": [
    -0.025178624296178658,
    -0.008008589792390611
  ],
  "EURJPY": [
    0.05757124853833232,
    0.13397247697276773
  ],
  "EURAUD": [
    0.008551267157764083,
    0.019957488374559098
  ],
  "EURUSD": [
    0.0699420417366215,
    0.08160757613014724
  ],
  "EURCHF": [
    0.03098280237983069,
    0.020298638303925247
  ],
  "EURCAD": [
    0.07455302255995497,
    0.07020545408760313
  ],
  "GBPCHF": [
    0.03639239344460735,
    0.011192524550680217
  ],
  "EURNZD": [
    0.05514101758626591,
    0.05663323584568805
  ],
  "GBPCAD": [
    0.12543746453318322,
    0.10426256921976823
  ],
  "GBPAUD": [
    0.001496380718208115,
    -0.004489142154624345
  ],
  "GBPNZD": [
    -0.08754168122595135,
    -0.10227488521842233
  ],
  "GBPUSD": [
    0.0787185975123385,
    0.06803261273132698
  ],
  "GBPJPY": [
    0.014015401450889111,
    0.07154493614324921
  ],
  "NZDCHF": [
    0.4473697567043309,
    0.4473697567043309
  ],
  "NZDCAD": [
    0.22941762683257447,
    0.22690698218495875
  ],
  "NZDUSD": [
    0.16781516621955506,
    0.1852002602914856
  ],
  "NZDJPY": [
    -0.05792992315106145,
    0.012255714375562004
  ],
  "USDCHF": [
    0.023647453932726666,
    0.008711048295268625
  ],
  "USDJPY": [
    -0.04833928255653139,
    0.02448928048133533
  ],
  "USDCAD": [
    0.04777000537239981,
    0.021719129971519206
  ],
  "AUDCAD": [
    0.21061114632498837,
    0.19533240689579137
  ],
  "AUDUSD": [
    0.059808236756266855,
    0.07311590593999436
  ],
  "AUDCHF": [
    0.38924592274731024,
    0.3666840280054422
  ],
  "AUDJPY": [
    0.000969992001638472,
    0.06599647870689848
  ],
  "AUDNZD": [
    -0.06961603091943472,
    -0.07657659666923962
  ],
  "CHFJPY": [
    0.0015576809246393968,
    0.09275713160885668
  ],
  "CADJPY": [
    -0.08460119626580702,
    -0.009797215308006242
  ],
  "CADCHF": [
    0.0034451775358429193,
    -0.008592436830465377
  ]
}