{
  "_last_date": "2025-12-10",
  "EURJPY": [
    -0.14202442381403363,
    -0.12283193410943534
  ],
  "EURCAD": [
    0.05776325759929053,
    0.050931044334855645
  ],
  "EURNZD": [
    0.1267553125388259,
    0.09494221448985382
  ],
  "GBPCHF": [
    -0.01771082877356356,
    -0.022371573187671214
  ],
  "GBPAUD": [
    0.03094553585689511,
    0.011978917105905608
  ],
  "GBPCAD": [
    0.11513104302207582,
    0.10752804961496772
  ],
  "GBPNZD": [
    0.16817824286329064,
    0.14036582027090358
  ],
  "GBPUSD": [
    0.06843340151606052,
    0.07068944771988486
  ],
  "GBPJPY": [
    -0.08055158657857442,
    -0.06616737468954327
  ],
  "NZDCHF": [
    -0.15448654679654947,
    -0.13088443548041012
  ],
  "NZDCAD": [
    -0.048740251949610264,
    -0.024995000999797286
  ],
  "NZDUSD": [
    -0.10037554297975425,
    -0.058840835539865875
  ],
  "NZDJPY": [
    -0.2482731225034852,
    -0.194204753602721
  ],
  "USDCHF": [
    -0.06446893713039784,
    -0.07314744789793816
  ],
  "USDJPY": [
    -0.14664813374309146,
    -0.13772172560220086
  ],
  "USDCAD": [
    0.050551736091061374,
    0.03899705355595246
  ],
  "EURUSD": [
    0.004300150505276759,
    0.011180391313692839
  ],
  "AUDCAD": [
    0.08269138703921126,
    0.09357183270226443
  ],
  "AUDUSD": [
    0.03314550878355952,
    0.055744719317802366
  ],
  "AUDJPY": [
    -0.11623662318199687,
    -0.07781129320448334
  ],
  "AUDNZD": [
    0.13581751697719013,
    0.12362876545359365
  ],
  "CHFJPY": [
    -0.04373305344178078,
    -0.01800772788779467
  ],
  "CADJPY": [
    -0.20306361188363922,
    -0.17039685692844023
  ],
  "CADCHF": [
    -0.11501948464403161,
    -0.11158606719196724
  ],
  "AUDCHF": [
    -0.03175374040383351,
    -0.02054653790837262
  ],
  "EURGBP": [
    -0.0617566331198519,
    -0.057182067703561865
  ],
  "EURAUD": [
    -0.030824380943681857,
    -0.046807393284853976
  ],
  "EURCHF": [
    -0.07462607008454429,
    -0.0778243302310219
  ]
}