{
  "_last_date": "2025-12-09",
  "EURAUD": [
    -0.047228054602465444,
    -0.047228054602465444,
    -0.047228054602465444,
    -0.047228054602465444,
    -0.047228054602465444,
    -0.047228054602465444,
    -0.047228054602465444,
    -0.047228054602465444,
    -0.047228054602465444,
    -0.047228054602465444,
    -0.047228054602465444,
    -0.047228054602465444,
    -0.047228054602465444,
    -0.047228054602465444,
    -0.34880478881093235,
    -0.36359911916833776,
    -0.36587516999255487,
    -0.3328724330414374
  ],
  "EURGBP": [
    0.00915939639578668,
    0.00915939639578668,
    0.00915939639578668,
    0.00915939639578668,
    0.00915939639578668,
    0.00915939639578668,
    0.00915939639578668,
    0.00915939639578668,
    0.00915939639578668,
    0.00915939639578668,
    0.00915939639578668,
    0.00915939639578668,
    0.00915939639578668,
    0.00915939639578668,
    0.07098532206728321,
    0.0572462274736159,
    0.08701426575988447,
    0.09388381305672447
  ],
  "EURUSD": [
    0.0498487348734704,
    0.0498487348734704,
    0.0498487348734704,
    0.0498487348734704,
    0.0498487348734704,
    0.0498487348734704,
    0.0498487348734704,
    0.0498487348734704,
    0.0498487348734704,
    0.0498487348734704,
    0.0498487348734704,
    0.0498487348734704,
    0.0498487348734704,
    0.0498487348734704,
    -0.111729922992306,
    -0.0962596259625971,
    -0.08766501650165195,
    -0.07305418041804329
  ],
  "EURCHF": [
    0.029825308904991264,
    0.029825308904991264,
    0.029825308904991264,
    0.029825308904991264,
    0.029825308904991264,
    0.029825308904991264,
    0.029825308904991264,
    0.029825308904991264,
    0.029825308904991264,
    0.029825308904991264,
    0.029825308904991264,
    0.029825308904991264,
    0.029825308904991264,
    0.029825308904991264,
    -0.14806135492117622,
    -0.14806135492117622,
    -0.1438005965061741,
    -0.15551768214742404
  ],
  "EURJPY": [
    0.02811977923217352,
    0.02811977923217352,
    0.02811977923217352,
    0.02811977923217352,
    0.02811977923217352,
    0.02811977923217352,
    0.02811977923217352,
    0.02811977923217352,
    0.02811977923217352,
    0.02811977923217352,
    0.02811977923217352,
    0.02811977923217352,
    0.02811977923217352,
    0.02811977923217352,
    0.5541250613397277,
    0.5657037939647293,
    0.5855530498933168,
    0.5612928482028157
  ],
  "EURCAD": [
    0.002481404971497342,
    0.002481404971497342,
    0.002481404971497342,
    0.002481404971497342,
    0.002481404971497342,
    0.002481404971497342,
    0.002481404971497342,
    0.002481404971497342,
    0.002481404971497342,
    0.002481404971497342,
    0.002481404971497342,
    0.002481404971497342,
    0.002481404971497342,
    0.002481404971497342,
    -0.11352427744588975,
    -0.11228357496014796,
    -0.12841270727486004,
    -0.10483936004565594
  ],
  "EURNZD": [
    0.059080528249419235,
    0.059080528249419235,
    0.059080528249419235,
    0.059080528249419235,
    0.059080528249419235,
    0.059080528249419235,
    0.059080528249419235,
    0.059080528249419235,
    0.059080528249419235,
    0.059080528249419235,
    0.059080528249419235,
    0.059080528249419235,
    0.059080528249419235,
    0.059080528249419235,
    -0.1290835070996007,
    -0.13454473239998183,
    -0.1400059577003409,
    -0.09532320524278341
  ],
  "GBPCHF": [
    -0.009300595238094215,
    -0.009300595238094215,
    -0.009300595238094215,
    -0.009300595238094215,
    -0.009300595238094215,
    -0.009300595238094215,
    -0.009300595238094215,
    -0.009300595238094215,
    -0.009300595238094215,
    -0.009300595238094215,
    -0.009300595238094215,
    -0.009300595238094215,
    -0.009300595238094215,
    -0.009300595238094215,
    -0.2511160714285644,
    -0.23623511904761782,
    -0.26320684523808485,
    -0.2827380952380889
  ],
  "GBPAUD": [
    -0.05615827688514656,
    -0.05615827688514656,
    -0.05615827688514656,
    -0.05615827688514656,
    -0.05615827688514656,
    -0.05615827688514656,
    -0.05615827688514656,
    -0.05615827688514656,
    -0.05615827688514656,
    -0.05615827688514656,
    -0.05615827688514656,
    -0.05615827688514656,
    -0.05615827688514656,
    -0.05615827688514656,
    -0.4259083477042072,
    -0.4254113718025654,
    -0.4537389981959706,
    -0.4259083477042072
  ],
  "GBPCAD": [
    -0.009752186115045833,
    -0.009752186115045833,
    -0.009752186115045833,
    -0.009752186115045833,
    -0.009752186115045833,
    -0.009752186115045833,
    -0.009752186115045833,
    -0.009752186115045833,
    -0.009752186115045833,
    -0.009752186115045833,
    -0.009752186115045833,
    -0.009752186115045833,
    -0.009752186115045833,
    -0.009752186115045833,
    -0.19179299359605778,
    -0.1782482906584901,
    -0.22213312817623243,
    -0.20858842523865276
  ],
  "NZDCHF": [
    -0.07720020586722143,
    -0.07720020586722143,
    -0.07720020586722143,
    -0.07720020586722143,
    -0.07720020586722143,
    -0.07720020586722143,
    -0.07720020586722143,
    -0.07720020586722143,
    -0.07720020586722143,
    -0.07720020586722143,
    -0.07720020586722143,
    -0.07720020586722143,
    -0.07720020586722143,
    -0.07720020586722143,
    -0.07291130554126071,
    -0.07720020586722143,
    -0.060044604563390475,
    -0.10722250814891071
  ],
  "GBPNZD": [
    0.05290316985386579,
    0.05290316985386579,
    0.05290316985386579,
    0.05290316985386579,
    0.05290316985386579,
    0.05290316985386579,
    0.05290316985386579,
    0.05290316985386579,
    0.05290316985386579,
    0.05290316985386579,
    0.05290316985386579,
    0.05290316985386579,
    0.05290316985386579,
    0.05290316985386579,
    -0.20814361909717338,
    -0.19426737782401438,
    -0.22982524608645064,
    -0.19686917306274615
  ],
  "NZDCAD": [
    -0.05747629102995214,
    -0.05747629102995214,
    -0.05747629102995214,
    -0.05747629102995214,
    -0.05747629102995214,
    -0.05747629102995214,
    -0.05747629102995214,
    -0.05747629102995214,
    -0.05747629102995214,
    -0.05747629102995214,
    -0.05747629102995214,
    -0.05747629102995214,
    -0.05747629102995214,
    -0.05747629102995214,
    0.01624329963889439,
    0.01624329963889439,
    0.008746392113255095,
    -0.006247422938037372
  ],
  "GBPUSD": [
    0.03828340226848003,
    0.03828340226848003,
    0.03828340226848003,
    0.03828340226848003,
    0.03828340226848003,
    0.03828340226848003,
    0.03828340226848003,
    0.03828340226848003,
    0.03828340226848003,
    0.03828340226848003,
    0.03828340226848003,
    0.03828340226848003,
    0.03828340226848003,
    0.03828340226848003,
    -0.18391046187799326,
    -0.1568868838061319,
    -0.1718999827349456,
    -0.16739605305630484
  ],
  "GBPJPY": [
    0.02215244736386873,
    0.02215244736386873,
    0.02215244736386873,
    0.02215244736386873,
    0.02215244736386873,
    0.02215244736386873,
    0.02215244736386873,
    0.02215244736386873,
    0.02215244736386873,
    0.02215244736386873,
    0.02215244736386873,
    0.02215244736386873,
    0.02215244736386873,
    0.02215244736386873,
    0.48253809257797164,
    0.5095062893687617,
    0.4989116406295155,
    0.46616454452642775
  ],
  "NZDUSD": [
    0.010388890812748724,
    0.010388890812748724,
    0.010388890812748724,
    0.010388890812748724,
    0.010388890812748724,
    0.010388890812748724,
    0.010388890812748724,
    0.010388890812748724,
    0.010388890812748724,
    0.010388890812748724,
    0.010388890812748724,
    0.010388890812748724,
    0.010388890812748724,
    0.010388890812748724,
    0.03809259964677736,
    0.05540741766803805,
    0.08137964469992907,
    0.05540741766803805
  ],