{
  "_last_date": "2025-12-10",
  "EURJPY": [
    -0.14202442381403363,
    -0.12283193410943534,
    -0.01699906230979196,
    0.027966199283839224,
    0.12557371835296274
  ],
  "EURCAD": [
    0.05776325759929053,
    0.050931044334855645,
    0.07329101501844443,
    0.11304207401149878,
    0.2670774276095931
  ],
  "EURNZD": [
    0.1267553125388259,
    0.09494221448985382,
    0.05716416055672844,
    0.040263452218216846,
    0.14266186156330088
  ],
  "GBPCHF": [
    -0.01771082877356356,
    -0.022371573187671214,
    -0.023303722070476186,
    0.0326252108986915,
    -0.1370258857744629
  ],
  "GBPAUD": [
    0.03094553585689511,
    0.011978917105905608,
    -0.06089282862162588,
    -0.013975403290212126,
    -0.02595432039609557
  ],
  "GBPCAD": [
    0.11513104302207582,
    0.10752804961496772,
    0.10535576578436023,
    0.17215349357546486,
    0.19441940283917045
  ],
  "GBPNZD": [
    0.16817824286329064,
    0.14036582027090358,
    0.0690964873779299,
    0.08387183688013128,
    0.0599705362148038
  ],
  "GBPUSD": [
    0.06843340151606052,
    0.07068944771988486,
    0.09324990975814491,
    0.16845144988569513,
    0.17521958849716815
  ],
  "GBPJPY": [
    -0.08055158657857442,
    -0.06616737468954327,
    0.020137896644643605,
    0.09157948236014905,
    0.05274211025977178
  ],
  "NZDCHF": [
    -0.15448654679654947,
    -0.13088443548041012,
    -0.060078101531980205,
    -0.023602111316139335,
    -0.167360425696251
  ],
  "NZDCAD": [
    -0.048740251949610264,
    -0.024995000999797286,
    0.04749050189962595,
    0.09248150369925551,
    0.14122175564886577
  ],
  "NZDUSD": [
    -0.10037554297975425,
    -0.058840835539865875,
    0.025959192149956654,
    0.08826125330979881,
    0.13498779917969003
  ],
  "NZDJPY": [
    -0.2482731225034852,
    -0.194204753602721,
    -0.04634431620065057,
    0.013241233200185878,
    0.016551541500232348
  ],
  "USDCHF": [
    -0.06446893713039784,
    -0.07314744789793816,
    -0.09298404393806375,
    -0.11282063997818935,
    -0.29382957884426825
  ],
  "USDJPY": [
    -0.14664813374309146,
    -0.13772172560220086,
    -0.06758566163811994,
    -0.07459926803452621,
    -0.12114411048342731
  ],
  "USDCAD": [
    0.050551736091061374,
    0.03899705355595246,
    0.018776359119543954,
    0.008666011901331677,
    0.021665029753305143
  ],
  "EURUSD": [
    0.004300150505276759,
    0.011180391313692839,
    0.055901956568483284,
    0.10406364222749133,
    0.24252848849710124
  ],
  "AUDCAD": [
    0.08269138703921126,
    0.09357183270226443,
    0.16538277407842253,
    0.18279148713931484,
    0.21869695782738785
  ],
  "AUDUSD": [
    0.03314550878355952,
    0.055744719317802366,
    0.1491547895260262,
    0.17476722813150478,
    0.20791273691506432
  ],
  "AUDJPY": [
    -0.11623662318199687,
    -0.07781129320448334,
    0.07492939345616914,
    0.10182712444042588,
    0.08933889219774013
  ],
  "AUDNZD": [
    0.13581751697719013,
    0.12362876545359365,
    0.12449939056242751,
    0.09402751175343634,
    0.07922688490335768
  ],
  "CHFJPY": [
    -0.04373305344178078,
    -0.01800772788779467,
    0.06225528784067243,
    0.08335005479494659,
    0.21712174767571532
  ],
  "CADJPY": [
    -0.20306361188363922,
    -0.17039685692844023,
    -0.08917141217498706,
    -0.08210833002251669,
    -0.1377301019732538
  ],
  "CADCHF": [
    -0.11501948464403161,
    -0.11158606719196724,
    -0.11845290209609595,
    -0.1253197370002246,
    -0.3193078230416599
  ],
  "AUDCHF": [
    -0.03175374040383351,
    -0.02054653790837262,
    0.048564544147045585,
    0.05790387955993658,
    -0.09899695537666107
  ],
  "EURGBP": [
    -0.0617566331198519,
    -0.057182067703561865,
    -0.03430924062213712,
    -0.06404391582799691,
    0.06747483989022078
  ],
  "EURAUD": [
    -0.030824380943681857,
    -0.046807393284853976,
    -0.09361478656969528,
    -0.07192355553526189,
    0.036532599636955806
  ],
  "EURCHF": [
    -0.07462607008454429,
    -0.0778243302310219,
    -0.054370422490166465,
    -0.02771825460283344,
    -0.06716346307608868
  ]
}