{
  "_last_date": "2025-12-07",
  "EURUSD": [
    0.008159157000403146
  ],
  "EURGBP": [
    -0.07323721375301843
  ],
  "EURJPY": [
    0.13675847685848366
  ],
  "EURAUD": [
    -0.5413358529426965
  ],
  "EURCHF": [
    0.07480677888023221
  ],
  "GBPCHF": [
    0.16065819420813238
  ],
  "EURCAD": [
    -1.0705593216062563
  ],
  "EURNZD": [
    -0.3072156942671313
  ],
  "GBPCAD": [
    0.0
  ],
  "GBPAUD": [
    0.0
  ],
  "GBPNZD": [
    0.0
  ],
  "GBPUSD": [
    0.006670916022288371
  ],
  "GBPJPY": [
    0.21438243010714098
  ],
  "NZDCHF": [
    0.0
  ],
  "NZDCAD": [
    0.0
  ],
  "USDCHF": [
    0.1182139093224106
  ],
  "NZDUSD": [
    0.0
  ],
  "NZDJPY": [
    0.43883515146431984
  ],
  "USDJPY": [
    0.12700736318055558
  ],
  "USDCAD": [
    -0.014479419981012803
  ],
  "AUDCHF": [
    0.0
  ],
  "AUDUSD": [
    0.0
  ],
  "AUDCAD": [
    0.0
  ],
  "AUDJPY": [
    0.6587066555326178
  ],
  "AUDNZD": [
    0.0
  ],
  "CHFJPY": [
    0.034201005596549754
  ],
  "CADJPY": [
    1.1817506502488586
  ],
  "CADCHF": [
    1.0666562843743015
  ]
}