{
  "_last_date": "2025-12-09",
  "EURAUD": [
    -0.047228054602465444,
    -0.047228054602465444,
    -0.047228054602465444,
    -0.047228054602465444,
    -0.047228054602465444,
    -0.047228054602465444,
    -0.047228054602465444,
    -0.047228054602465444,
    -0.047228054602465444,
    -0.047228054602465444,
    -0.047228054602465444,
    -0.047228054602465444,
    -0.047228054602465444,
    -0.047228054602465444,
    -0.34880478881093235
  ],
  "EURGBP": [
    0.00915939639578668,
    0.00915939639578668,
    0.00915939639578668,
    0.00915939639578668,
    0.00915939639578668,
    0.00915939639578668,
    0.00915939639578668,
    0.00915939639578668,
    0.00915939639578668,
    0.00915939639578668,
    0.00915939639578668,
    0.00915939639578668,
    0.00915939639578668,
    0.00915939639578668,
    0.07098532206728321
  ],
  "EURUSD": [
    0.0498487348734704,
    0.0498487348734704,
    0.0498487348734704,
    0.0498487348734704,
    0.0498487348734704,
    0.0498487348734704,
    0.0498487348734704,
    0.0498487348734704,
    0.0498487348734704,
    0.0498487348734704,
    0.0498487348734704,
    0.0498487348734704,
    0.0498487348734704,
    0.0498487348734704,
    -0.111729922992306
  ],
  "EURCHF": [
    0.029825308904991264,
    0.029825308904991264,
    0.029825308904991264,
    0.029825308904991264,
    0.029825308904991264,
    0.029825308904991264,
    0.029825308904991264,
    0.029825308904991264,
    0.029825308904991264,
    0.029825308904991264,
    0.029825308904991264,
    0.029825308904991264,
    0.029825308904991264,
    0.029825308904991264,
    -0.14806135492117622
  ],
  "EURJPY": [
    0.02811977923217352,
    0.02811977923217352,
    0.02811977923217352,
    0.02811977923217352,
    0.02811977923217352,
    0.02811977923217352,
    0.02811977923217352,
    0.02811977923217352,
    0.02811977923217352,
    0.02811977923217352,
    0.02811977923217352,
    0.02811977923217352,
    0.02811977923217352,
    0.02811977923217352,
    0.5541250613397277
  ],
  "EURCAD": [
    0.002481404971497342,
    0.002481404971497342,
    0.002481404971497342,
    0.002481404971497342,
    0.002481404971497342,
    0.002481404971497342,
    0.002481404971497342,
    0.002481404971497342,
    0.002481404971497342,
    0.002481404971497342,
    0.002481404971497342,
    0.002481404971497342,
    0.002481404971497342,
    0.002481404971497342,
    -0.11352427744588975
  ],
  "EURNZD": [
    0.059080528249419235,
    0.059080528249419235,
    0.059080528249419235,
    0.059080528249419235,
    0.059080528249419235,
    0.059080528249419235,
    0.059080528249419235,
    0.059080528249419235,
    0.059080528249419235,
    0.059080528249419235,
    0.059080528249419235,
    0.059080528249419235,
    0.059080528249419235,
    0.059080528249419235,
    -0.1290835070996007
  ],
  "GBPCHF": [
    -0.009300595238094215,
    -0.009300595238094215,
    -0.009300595238094215,
    -0.009300595238094215,
    -0.009300595238094215,
    -0.009300595238094215,
    -0.009300595238094215,
    -0.009300595238094215,
    -0.009300595238094215,
    -0.009300595238094215,
    -0.009300595238094215,
    -0.009300595238094215,
    -0.009300595238094215,
    -0.009300595238094215,
    -0.2511160714285644
  ],
  "GBPAUD": [
    -0.05615827688514656,
    -0.05615827688514656,
    -0.05615827688514656,
    -0.05615827688514656,
    -0.05615827688514656,
    -0.05615827688514656,
    -0.05615827688514656,
    -0.05615827688514656,
    -0.05615827688514656,
    -0.05615827688514656,
    -0.05615827688514656,
    -0.05615827688514656,
    -0.05615827688514656,
    -0.05615827688514656,
    -0.4259083477042072
  ],
  "GBPCAD": [
    -0.009752186115045833,
    -0.009752186115045833,
    -0.009752186115045833,
    -0.009752186115045833,
    -0.009752186115045833,
    -0.009752186115045833,
    -0.009752186115045833,
    -0.009752186115045833,
    -0.009752186115045833,
    -0.009752186115045833,
    -0.009752186115045833,
    -0.009752186115045833,
    -0.009752186115045833,
    -0.009752186115045833,
    -0.19179299359605778
  ],
  "NZDCHF": [
    -0.07720020586722143,
    -0.07720020586722143,
    -0.07720020586722143,
    -0.07720020586722143,
    -0.07720020586722143,
    -0.07720020586722143,
    -0.07720020586722143,
    -0.07720020586722143,
    -0.07720020586722143,
    -0.07720020586722143,
    -0.07720020586722143,
    -0.07720020586722143,
    -0.07720020586722143,
    -0.07720020586722143,
    -0.07291130554126071
  ],
  "GBPNZD": [
    0.05290316985386579,
    0.05290316985386579,
    0.05290316985386579,
    0.05290316985386579,
    0.05290316985386579,
    0.05290316985386579,
    0.05290316985386579,
    0.05290316985386579,
    0.05290316985386579,
    0.05290316985386579,
    0.05290316985386579,
    0.05290316985386579,
    0.05290316985386579,
    0.05290316985386579,
    -0.20814361909717338
  ],
  "NZDCAD": [
    -0.05747629102995214,
    -0.05747629102995214,
    -0.05747629102995214,
    -0.05747629102995214,
    -0.05747629102995214,
    -0.05747629102995214,
    -0.05747629102995214,
    -0.05747629102995214,
    -0.05747629102995214,
    -0.05747629102995214,
    -0.05747629102995214,
    -0.05747629102995214,
    -0.05747629102995214,
    -0.05747629102995214,
    0.01624329963889439
  ],
  "GBPUSD": [
    0.03828340226848003,
    0.03828340226848003,
    0.03828340226848003,
    0.03828340226848003,
    0.03828340226848003,
    0.03828340226848003,
    0.03828340226848003,
    0.03828340226848003,
    0.03828340226848003,
    0.03828340226848003,
    0.03828340226848003,
    0.03828340226848003,
    0.03828340226848003,
    0.03828340226848003,
    -0.18391046187799326
  ],
  "GBPJPY": [
    0.02215244736386873,
    0.02215244736386873,
    0.02215244736386873,
    0.02215244736386873,
    0.02215244736386873,
    0.02215244736386873,
    0.02215244736386873,
    0.02215244736386873,
    0.02215244736386873,
    0.02215244736386873,
    0.02215244736386873,
    0.02215244736386873,
    0.02215244736386873,
    0.02215244736386873,
    0.48253809257797164
  ],
  "NZDUSD": [
    0.010388890812748724,
    0.010388890812748724,
    0.010388890812748724,
    0.010388890812748724,
    0.010388890812748724,
    0.010388890812748724,
    0.010388890812748724,
    0.010388890812748724,
    0.010388890812748724,
    0.010388890812748724,
    0.010388890812748724,
    0.010388890812748724,
    0.010388890812748724,
    0.010388890812748724,
    0.03809259964677736
  ],
  "NZDJPY": [
    -0.03220611916263686,
    -0.03220611916263686,
    -0.03220611916263686,
    -0.03220611916263686,
    -0.03220611916263686,
    -0.03220611916263686,
    -0.03220611916263686,
    -0.03220611916263686,
    -0.03220611916263686,
    -0.03220611916263686,
    -0.03220611916263686,
    -0.03220611916263686,
    -0.03220611916263686,
    -0.03220611916263686,
    0.6785496140818527
  ],
  "USDCHF": [
    -0.0668954325285216,
    -0.0668954325285216,
    -0.0668954325285216,
    -0.0668954325285216,
    -0.0668954325285216,
    -0.0668954325285216,
    -0.0668954325285216,
    -0.0668954325285216,
    -0.0668954325285216,
    -0.0668954325285216,
    -0.0668954325285216,
    -0.0668954325285216,
    -0.0668954325285216,
    -0.0668954325285216,
    -0.0805222798954498
  ],
  "USDJPY": [
    -0.019246190858060074,
    -0.019246190858060074,
    -0.019246190858060074,
    -0.019246190858060074,
    -0.019246190858060074,
    -0.019246190858060074,
    -0.019246190858060074,
    -0.019246190858060074,
    -0.019246190858060074,
    -0.019246190858060074,
    -0.019246190858060074,
    -0.019246190858060074,
    -0.019246190858060074,
    -0.019246190858060074,
    0.6691259021652005
  ],