{
  "_last_date": "2025-12-10",
  "EURJPY": [
    -0.14202442381403363
  ],
  "EURCAD": [
    0.05776325759929053
  ],
  "EURNZD": [
    0.1267553125388259
  ],
  "GBPCHF": [
    -0.01771082877356356
  ],
  "GBPAUD": [
    0.03094553585689511
  ],
  "GBPCAD": [
    0.11513104302207582
  ],
  "GBPNZD": [
    0.16817824286329064
  ],
  "GBPUSD": [
    0.06843340151606052
  ],
  "GBPJPY": [
    -0.08055158657857442
  ],
  "NZDCHF": [
    -0.15448654679654947
  ],
  "NZDCAD": [
    -0.048740251949610264
  ],
  "NZDUSD": [
    -0.10037554297975425
  ],
  "NZDJPY": [
    -0.2482731225034852
  ],
  "USDCHF": [
    -0.06446893713039784
  ],
  "USDJPY": [
    -0.14664813374309146
  ],
  "USDCAD": [
    0.050551736091061374
  ],
  "EURUSD": [
    0.004300150505276759
  ],
  "AUDCAD": [
    0.08269138703921126
  ],
  "AUDUSD": [
    0.03314550878355952
  ],
  "AUDJPY": [
    -0.11623662318199687
  ],
  "AUDNZD": [
    0.13581751697719013
  ],
  "CHFJPY": [
    -0.04373305344178078
  ],
  "CADJPY": [
    -0.20306361188363922
  ],
  "CADCHF": [
    -0.11501948464403161
  ],
  "AUDCHF": [
    -0.03175374040383351
  ],
  "EURGBP": [
    -0.0617566331198519
  ],
  "EURAUD": [
    -0.030824380943681857
  ],
  "EURCHF": [
    -0.07462607008454429
  ]
}