{
  "_last_date": "2025-12-07",
  "EURUSD": [
    0.008159157000403146,
    0.008159157000403146,
    0.008159157000403146,
    0.0
  ],
  "EURGBP": [
    -0.07323721375301843,
    -0.07323721375301843,
    -0.07323721375301843,
    0.08812859584999516
  ],
  "EURJPY": [
    0.13675847685848366,
    0.13675847685848366,
    0.13675847685848366,
    0.09632941263134312
  ],
  "EURAUD": [
    -0.5413358529426965,
    -0.5413358529426965,
    -0.5413358529426965,
    -0.025089608171150416
  ],
  "EURCHF": [
    0.07480677888023221,
    0.07480677888023221,
    0.07480677888023221,
    -0.042723921900670765
  ],
  "GBPCHF": [
    0.16065819420813238,
    0.16065819420813238,
    0.16065819420813238,
    -0.1745299529090662
  ],
  "EURCAD": [
    -1.0705593216062563,
    -1.0705593216062563,
    -1.0705593216062563,
    0.03479536061858419
  ],
  "EURNZD": [
    -0.3072156942671313,
    -0.3072156942671313,
    -0.3072156942671313,
    0.06904470200342144
  ],
  "GBPCAD": [
    0.0,
    0.0,
    0.0,
    0.028781285406127503
  ],
  "GBPAUD": [
    0.0,
    0.0,
    0.0,
    -0.1125729589515454
  ],
  "GBPNZD": [
    0.0,
    -0.15557684833003368,
    -0.15557684833003368,
    -0.17420515604281434
  ],
  "GBPUSD": [
    0.006670916022288371,
    0.006670916022288371,
    0.006670916022288371,
    -0.10520553217456124
  ],
  "GBPJPY": [
    0.21438243010714098,
    0.21438243010714098,
    0.21438243010714098,
    -0.059949035574408324
  ],
  "NZDCHF": [
    0.0,
    0.0,
    -0.06484114402785174,
    0.043225282365244165
  ],
  "NZDCAD": [
    0.0,
    0.15670607008868032,
    0.15670607008868032,
    0.2030932188160562
  ],
  "USDCHF": [
    0.1182139093224106,
    0.1182139093224106,
    0.1182139093224106,
    0.037344724080142236
  ],
  "NZDUSD": [
    0.0,
    0.1562182251294364,
    0.1562182251294364,
    0.06936497771251575
  ],
  "NZDJPY": [
    0.43883515146431984,
    0.43883515146431984,
    0.43883515146431984,
    -0.05124112480600785
  ],
  "USDJPY": [
    0.12700736318055558,
    0.12700736318055558,
    0.12700736318055558,
    0.030941074857140947
  ],
  "USDCAD": [
    -0.014479419981012803,
    0.0,
    0.0,
    0.11581810189818466
  ],
  "AUDCHF": [
    0.0,
    0.0,
    -0.05641034090204764,
    0.06769689232035918
  ],
  "AUDUSD": [
    0.0,
    0.0,
    0.0,
    0.006640374373539005
  ],
  "AUDCAD": [
    0.0,
    0.0,
    0.0,
    0.14186657543219025
  ],
  "AUDJPY": [
    0.6587066555326178,
    0.6587066555326178,
    0.6587066555326178,
    0.049491805640851504
  ],
  "AUDNZD": [
    0.0,
    -0.1548959281312769,
    -0.1548959281312769,
    -0.2636716247817303
  ],
  "CHFJPY": [
    0.034201005596549754,
    0.034201005596549754,
    0.034201005596549754,
    0.07203285900235992
  ],
  "CADJPY": [
    1.1817506502488586,
    1.1817506502488586,
    1.1817506502488586,
    -0.08816134940130997
  ],
  "CADCHF": [
    1.0666562843743015,
    1.0666562843743015,
    1.0666562843743015,
    -0.1221294929447173
  ]
}